active_fields,context_len,first_step_mae_ratio,is_smoke,last_step_mae_ratio,mae_ratio,mode,model_family,model_mae,model_rmse,naive_mae,naive_rmse,nonreversal_count,nonreversal_mae_ratio,prediction_form,reversal_count,reversal_mae_ratio,rmse_ratio,role,sequence_subsample_factor,stem,tag,window_stride
intensity,4,,false,,0.8229162806017267,next_frame,convlstm,0.008416249416768551,0.019637729550084748,0.010227345861494541,0.0214251853006726,2989,0.8229025922583585,delta_from_last_frame,11,0.8263120766499339,0.9165722151055683,test,1,GRA29_C20_45deg_particle1,image_only_delta,1
intensity,4,,false,,0.8420381915361015,next_frame,convlstm,0.009062005206942558,0.026543896003130844,0.0107619883492589,0.028179025914321157,2989,0.8420910333774968,delta_from_last_frame,11,0.8290829963893079,0.9419735119247218,test,1,GRA29_C20_45deg_particle2,image_only_delta,1
intensity,4,,false,,0.8149309682279859,next_frame,convlstm,0.010521430522203445,0.034889091893533564,0.01291082426905632,0.037369581270677875,2989,0.8149351237274669,delta_from_last_frame,11,0.8138981442066182,0.9336227676950014,test,1,GRA29_C20_45deg_particle3,image_only_delta,1
intensity,4,,false,,0.8374240373348227,next_frame,convlstm,0.012380384840071201,0.03813016750196685,0.01478388998657465,0.04022971706140014,2989,0.8372666185253378,delta_from_last_frame,11,0.8774122976794927,0.9478109787292593,test,1,GRA29_C20_45deg_particle4,image_only_delta,1
intensity,4,,false,,0.7874669540869271,next_frame,convlstm,0.00786101445555687,0.011346936766299867,0.009982659481465816,0.014005393854705325,2989,0.787495593340633,delta_from_last_frame,11,0.7813253252705337,0.810183339648652,train,1,GRA29_C20_25deg_particle1,image_only_delta,1
intensity,4,,false,,0.7888480456240433,next_frame,convlstm,0.008612259291112423,0.01262680007520236,0.010917513631284237,0.01588178461046949,2989,0.788802460272091,delta_from_last_frame,11,0.7993876225402146,0.795049195345377,train,1,GRA29_C20_25deg_particle2,image_only_delta,1
intensity,4,,false,,0.7972298057473741,next_frame,convlstm,0.009736823849380016,0.014616225010959478,0.012213321402668953,0.01765184870072381,2989,0.7972879289735881,delta_from_last_frame,11,0.7845745744492806,0.8280280019825993,train,1,GRA29_C20_25deg_particle3,image_only_delta,1
intensity,4,,false,,0.8162864801592848,next_frame,convlstm,0.010849402286112309,0.016045763062769763,0.01329116988927126,0.018904409607165787,2989,0.816300413559826,delta_from_last_frame,11,0.8131135942919152,0.8487841406423798,train,1,GRA29_C20_25deg_particle4,image_only_delta,1
intensity,4,0.7653527855873108,false,16.325517654418945,2.907823593705107,rollout,convlstm,1.0239945650100708,1.5058346757458838,0.3521515429019928,0.7988000319188149,5672,2.914437605028931,delta_from_last_frame,11,1.5036847292678464,1.8851209508951643,test,1,GRA29_C20_45deg_particle1,image_only_delta,
intensity,4,0.7696812748908997,false,7.620572090148926,2.805643347227558,rollout,convlstm,1.1171112060546875,1.582484352311668,0.3981657922267914,0.8105121651077161,5672,2.8105350558656284,delta_from_last_frame,11,1.7362517163936377,1.9524498464515432,test,1,GRA29_C20_45deg_particle2,image_only_delta,
intensity,4,0.7738311886787415,false,6.223944664001465,2.9739313694048657,rollout,convlstm,1.0988121032714844,1.6305941611634729,0.36948132514953613,0.7946133401449436,5672,2.9796823740145393,delta_from_last_frame,11,1.665110791419084,2.0520598872226836,test,1,GRA29_C20_45deg_particle3,image_only_delta,
intensity,4,0.7797812819480896,false,4.904623985290527,3.3385161219300237,rollout,convlstm,0.9824408888816833,1.4943128698460946,0.2942747175693512,0.7258944978429002,5672,3.3461986560408694,delta_from_last_frame,11,1.716577952749882,2.058581342449433,test,1,GRA29_C20_45deg_particle4,image_only_delta,
intensity,4,0.7490764856338501,false,70.4119873046875,3.098665058649942,rollout,convlstm,1.0900863409042358,1.558460660142381,0.35179224610328674,0.8120804216839295,5318,3.1066148706288597,delta_from_last_frame,11,1.5227144818358571,1.9190964571104396,train,1,GRA29_C20_25deg_particle1,image_only_delta,
intensity,4,0.7641218900680542,false,68.96724700927734,3.0926814162594454,rollout,convlstm,0.9607804417610168,1.4627712389483554,0.3106625974178314,0.7920822675585077,5318,3.09960357861732,delta_from_last_frame,11,1.7337770588133705,1.846741555592654,train,1,GRA29_C20_25deg_particle2,image_only_delta,
intensity,4,0.7603206634521484,false,62.958797454833984,2.8989277370224302,rollout,convlstm,0.9512777924537659,1.4588085308606864,0.32814815640449524,0.7953347673277972,5318,2.9057856442918797,delta_from_last_frame,11,1.5319666195217716,1.8342069161166679,train,1,GRA29_C20_25deg_particle3,image_only_delta,
intensity,4,0.7720454335212708,false,58.81541061401367,3.0384937164885235,rollout,convlstm,0.9162260890007019,1.4289370375497634,0.3015395700931549,0.7407127585909675,5318,3.045462210390793,delta_from_last_frame,11,1.6776373801482023,1.9291378756158883,train,1,GRA29_C20_25deg_particle4,image_only_delta,
intensity,4,,false,,0.8640944261951137,next_frame,convlstm,0.008837392553687096,0.020490514891003033,0.010227345861494541,0.0214251853006726,2989,0.8641265332441984,direct_next_frame,11,0.8560443533341908,0.9563751539810381,test,1,GRA29_C20_45deg_particle1,image_only_direct,1
intensity,4,,false,,0.8839724161373921,next_frame,convlstm,0.009513300843536854,0.027619115282986804,0.0107619883492589,0.028179025914321157,2989,0.8840809327941369,direct_next_frame,11,0.8573437183730472,0.9801302346987872,test,1,GRA29_C20_45deg_particle2,image_only_direct,1
intensity,4,,false,,0.8413419075904219,next_frame,convlstm,0.01086241751909256,0.03626449534593316,0.01291082426905632,0.037369581270677875,2989,0.8413492279293232,direct_next_frame,11,0.8394732821211575,0.9704281962181945,test,1,GRA29_C20_45deg_particle3,image_only_direct,1
intensity,4,,false,,0.8739413009168846,next_frame,convlstm,0.012920252047479153,0.041766773173308715,0.01478388998657465,0.04022971706140014,2989,0.8738744443898339,direct_next_frame,11,0.8909485317666405,1.0382069829017853,test,1,GRA29_C20_45deg_particle4,image_only_direct,1
intensity,4,,false,,0.8107341130288944,next_frame,convlstm,0.008093282580375671,0.012014589945410395,0.009982659481465816,0.014005393854705325,2989,0.8107358595845717,direct_next_frame,11,0.8103335115960131,0.8578544859253573,train,1,GRA29_C20_25deg_particle1,image_only_direct,1
intensity,4,,false,,0.8138843196013578,next_frame,convlstm,0.00888559315353632,0.013590726188966371,0.010917513631284237,0.01588178461046949,2989,0.8138757693365168,direct_next_frame,11,0.8158390126795179,0.8557430113998132,train,1,GRA29_C20_25deg_particle2,image_only_direct,1
intensity,4,,false,,0.8137033270057223,next_frame,convlstm,0.009938020259141922,0.015126538795087983,0.012213321402668953,0.01765184870072381,2989,0.8137570893111045,direct_next_frame,11,0.8020047142810477,0.8569379361645969,train,1,GRA29_C20_25deg_particle3,image_only_direct,1
intensity,4,,false,,0.8446169353355356,next_frame,convlstm,0.011225947178900242,0.01669140916854892,0.01329116988927126,0.018904409607165787,2989,0.8446373954004968,direct_next_frame,11,0.8399242633795059,0.8829373418899037,train,1,GRA29_C20_25deg_particle4,image_only_direct,1
intensity,4,0.7905945777893066,false,24.332975387573242,5.515486518771403,rollout,convlstm,1.9422870874404907,2.4767975800913935,0.3521515429019928,0.7988000319188149,5672,5.529701897322546,direct_next_frame,11,2.4976776376080347,3.1006478231376935,test,1,GRA29_C20_45deg_particle1,image_only_direct,
intensity,4,0.814344584941864,false,11.498807907104492,4.150254033857359,rollout,convlstm,1.652489185333252,2.2480329816374005,0.3981657922267914,0.8105121651077161,5672,4.1590383565320055,direct_next_frame,11,2.2295634052053384,2.773595608325804,test,1,GRA29_C20_45deg_particle2,image_only_direct,
intensity,4,0.7878698706626892,false,7.372686862945557,4.668332024492214,rollout,convlstm,1.7248615026474,2.290129116866061,0.36948132514953613,0.7946133401449436,5672,4.678466738344131,direct_next_frame,11,2.3619996572110846,2.8820672913046286,test,1,GRA29_C20_45deg_particle3,image_only_direct,
intensity,4,0.8155970573425293,false,5.96101713180542,5.4786000839965,rollout,convlstm,1.6122134923934937,2.2288881169439625,0.2942747175693512,0.7258944978429002,5672,5.490798974034827,direct_next_frame,11,2.9030626049678796,3.070540035180627,test,1,GRA29_C20_45deg_particle4,image_only_direct,
intensity,4,0.7518841028213501,false,91.531494140625,5.480669277660668,rollout,convlstm,1.9280569553375244,2.4797379506008093,0.35179224610328674,0.8120804216839295,5318,5.495664970720284,direct_next_frame,11,2.5073943009261517,3.0535620418712055,train,1,GRA29_C20_25deg_particle1,image_only_direct,
intensity,4,0.7761783003807068,false,110.488037109375,5.343538779868625,rollout,convlstm,1.660037636756897,2.2620215863817656,0.3106625974178314,0.7920822675585077,5318,5.356769718521478,direct_next_frame,11,2.7463557493783015,2.8557912214777357,train,1,GRA29_C20_25deg_particle2,image_only_direct,
intensity,4,0.7663042545318604,false,93.5619125366211,5.557758660227549,rollout,convlstm,1.8237682580947876,2.393202943765448,0.32814815640449524,0.7953347673277972,5318,5.572200546558288,direct_next_frame,11,2.679029328340325,3.0090510839935276,train,1,GRA29_C20_25deg_particle3,image_only_direct,
intensity,4,0.8097406029701233,false,90.7638931274414,5.022630880504021,rollout,convlstm,1.5145219564437866,2.1279027971281677,0.3015395700931549,0.7407127585909675,5318,5.034822449750215,direct_next_frame,11,2.6422084920814135,2.8727772978772554,train,1,GRA29_C20_25deg_particle4,image_only_direct,
"intensity,voltage,current,time_norm",4,,false,,0.8173837176954138,next_frame,convlstm,0.008359665982425213,0.019286514828366814,0.010227345861494541,0.0214251853006726,2989,0.8172647370754403,delta_from_last_frame,11,0.8471586407660695,0.9001796044098322,test,1,GRA29_C20_45deg_particle1,multichannel_delta,1
"intensity,voltage,current,time_norm",4,,false,,0.839902256889021,next_frame,convlstm,0.009039018303155899,0.02592503848850399,0.0107619883492589,0.028179025914321157,2989,0.8396973045487947,delta_from_last_frame,11,0.8901068098954478,0.9200118757592809,test,1,GRA29_C20_45deg_particle2,multichannel_delta,1
"intensity,voltage,current,time_norm",4,,false,,0.8098919763639506,next_frame,convlstm,0.010456372983753681,0.03444449670004657,0.01291082426905632,0.037369581270677875,2989,0.8097935168961544,delta_from_last_frame,11,0.8358526171956573,0.9217255192279481,test,1,GRA29_C20_45deg_particle3,multichannel_delta,1
"intensity,voltage,current,time_norm",4,,false,,0.8323853834436148,next_frame,convlstm,0.012305893935263157,0.03684487001421019,0.01478388998657465,0.04022971706140014,2989,0.8321015076301486,delta_from_last_frame,11,0.904446468411022,0.9158620220464423,test,1,GRA29_C20_45deg_particle4,multichannel_delta,1
"intensity,voltage,current,time_norm",4,,false,,0.7838977109282486,next_frame,convlstm,0.00782538391649723,0.011181721025910816,0.009982659481465816,0.014005393854705325,2989,0.7838434474434371,delta_from_last_frame,11,0.7955226271107445,0.7983867602662346,train,1,GRA29_C20_25deg_particle1,multichannel_delta,1
"intensity,voltage,current,time_norm",4,,false,,0.7878599534863923,next_frame,convlstm,0.008601471781730652,0.012471119945403978,0.010917513631284237,0.01588178461046949,2989,0.7876689685054203,delta_from_last_frame,11,0.8320738366879025,0.7852467623306543,train,1,GRA29_C20_25deg_particle2,multichannel_delta,1
"intensity,voltage,current,time_norm",4,,false,,0.7947936983765537,next_frame,convlstm,0.009707070887088776,0.01451438421584965,0.012213321402668953,0.01765184870072381,2989,0.7947620440723945,delta_from_last_frame,11,0.8016626068246255,0.8222585895637374,train,1,GRA29_C20_25deg_particle3,multichannel_delta,1
"intensity,voltage,current,time_norm",4,,false,,0.8181008227360045,next_frame,convlstm,0.010873517021536827,0.015934624726666104,0.01329116988927126,0.018904409607165787,2989,0.8179957423952813,delta_from_last_frame,11,0.842191456313434,0.8429051770347816,train,1,GRA29_C20_25deg_particle4,multichannel_delta,1
"intensity,voltage,current,time_norm",4,0.8307685852050781,false,5.427114009857178,1.4158877037502184,rollout,convlstm,0.4986070394515991,0.9647799945724652,0.3521515429019928,0.7988000319188149,5672,1.4177617850076776,delta_from_last_frame,11,1.018022323276507,1.2077866249641307,test,1,GRA29_C20_45deg_particle1,multichannel_delta,
"intensity,voltage,current,time_norm",4,0.9483274221420288,false,3.087662935256958,1.5025274645408346,rollout,convlstm,0.5982550382614136,1.1353762849865354,0.3981657922267914,0.8105121651077161,5672,1.5033516975520345,delta_from_last_frame,11,1.3223088312791975,1.4008133793224995,test,1,GRA29_C20_45deg_particle2,multichannel_delta,
"intensity,voltage,current,time_norm",4,0.8686323165893555,false,2.391397476196289,1.5137318620109348,rollout,convlstm,0.559295654296875,1.1351997214891605,0.36948132514953613,0.7946133401449436,5672,1.5139837762692825,delta_from_last_frame,11,1.456441001580384,1.428619007682518,test,1,GRA29_C20_45deg_particle3,multichannel_delta,
"intensity,voltage,current,time_norm",4,0.9131348133087158,false,0.565690815448761,1.7540123924712643,rollout,convlstm,0.5161615014076233,1.0886010635938466,0.2942747175693512,0.7258944978429002,5672,1.7550957028568273,delta_from_last_frame,11,1.5252474202784598,1.4996684322980558,test,1,GRA29_C20_45deg_particle4,multichannel_delta,
"intensity,voltage,current,time_norm",4,0.7482861876487732,false,17.810514450073242,1.5772522788308456,rollout,convlstm,0.5548651218414307,1.0835879038987881,0.35179224610328674,0.8120804216839295,5318,1.5788360165992026,delta_from_last_frame,11,1.2633808372300466,1.3343357073574817,train,1,GRA29_C20_25deg_particle1,multichannel_delta,
"intensity,voltage,current,time_norm",4,0.7590598464012146,false,23.36465835571289,1.8347384576923471,rollout,convlstm,0.5699846148490906,1.1528385457844843,0.3106625974178314,0.7920822675585077,5318,1.8366517591289064,delta_from_last_frame,11,1.4591832755701992,1.455453041939648,train,1,GRA29_C20_25deg_particle2,multichannel_delta,
"intensity,voltage,current,time_norm",4,0.7571942806243896,false,20.670902252197266,1.7417837446331224,rollout,convlstm,0.5715631246566772,1.1450336382226671,0.32814815640449524,0.7953347673277972,5318,1.7431975791268002,delta_from_last_frame,11,1.4599640258891637,1.4396876450778135,train,1,GRA29_C20_25deg_particle3,multichannel_delta,
"intensity,voltage,current,time_norm",4,0.7709475159645081,false,22.28813934326172,1.700643280003566,rollout,convlstm,0.5128112435340881,1.1057871976560132,0.3015395700931549,0.7407127585909675,5318,1.7023908481760701,delta_from_last_frame,11,1.3593212548665394,1.492869111313155,train,1,GRA29_C20_25deg_particle4,multichannel_delta,
"intensity,voltage,current,time_norm",4,,false,,0.8595843984931424,next_frame,convlstm,0.008791266940534115,0.019793629330043885,0.010227345861494541,0.0214251853006726,2989,0.858998055312066,direct_next_frame,11,1.0064500171111594,0.9238486879934944,test,1,GRA29_C20_45deg_particle1,multichannel_direct,1
"intensity,voltage,current,time_norm",4,,false,,0.8743787966991233,next_frame,convlstm,0.009410054422914982,0.02563883998826195,0.0107619883492589,0.028179025914321157,2989,0.8736027203148191,direct_next_frame,11,1.0646802066123031,0.9098554388010897,test,1,GRA29_C20_45deg_particle2,multichannel_direct,1
"intensity,voltage,current,time_norm",4,,false,,0.8372305720913068,next_frame,convlstm,0.01080933678895235,0.03390706877664718,0.01291082426905632,0.037369581270677875,2989,0.8368797114772851,direct_next_frame,11,0.9296081648844547,0.90734409173732,test,1,GRA29_C20_45deg_particle3,multichannel_direct,1
"intensity,voltage,current,time_norm",4,,false,,0.8780905804877776,next_frame,convlstm,0.012981594540178776,0.03883386997823256,0.01478388998657465,0.04022971706140014,2989,0.8775708666825457,direct_next_frame,11,1.0099463929927093,0.9653030847560476,test,1,GRA29_C20_45deg_particle4,multichannel_direct,1
"intensity,voltage,current,time_norm",4,,false,,0.8081925969504606,next_frame,convlstm,0.008067911490797997,0.01186233892845682,0.009982659481465816,0.014005393854705325,2989,0.8078266939665537,direct_next_frame,11,0.8865036170108358,0.8469836015694401,train,1,GRA29_C20_25deg_particle1,multichannel_direct,1
"intensity,voltage,current,time_norm",4,,false,,0.8186052042590243,next_frame,convlstm,0.008937133476138115,0.013461892074702601,0.010917513631284237,0.01588178461046949,2989,0.8183047439434502,direct_next_frame,11,0.8881591558895079,0.8476309435545636,train,1,GRA29_C20_25deg_particle2,multichannel_direct,1
"intensity,voltage,current,time_norm",4,,false,,0.8160385494718069,next_frame,convlstm,0.009966541081666946,0.015115216965227246,0.012213321402668953,0.01765184870072381,2989,0.8158417419462136,direct_next_frame,11,0.8587844774923762,0.8562965398976851,train,1,GRA29_C20_25deg_particle3,multichannel_direct,1
"intensity,voltage,current,time_norm",4,,false,,0.8429344659573402,next_frame,convlstm,0.01120358519256115,0.01655056690974678,0.01329116988927126,0.018904409607165787,2989,0.8426643265734276,direct_next_frame,11,0.9047867033587956,0.87548710875759,train,1,GRA29_C20_25deg_particle4,multichannel_direct,1
"intensity,voltage,current,time_norm",4,2.5962886810302734,false,4.968923091888428,2.2812424759303824,rollout,convlstm,0.8033430576324463,1.2935827359051906,0.3521515429019928,0.7988000319188149,5672,2.2850322030731034,direct_next_frame,11,1.4770670688586511,1.619407466469233,test,1,GRA29_C20_45deg_particle1,multichannel_direct,
"intensity,voltage,current,time_norm",4,3.4527738094329834,false,2.378358840942383,1.5822485650880034,rollout,convlstm,0.6299972534179688,1.109730139825994,0.3981657922267914,0.8105121651077161,5672,1.583755666336565,direct_next_frame,11,1.2527966469446459,1.36917147897282,test,1,GRA29_C20_45deg_particle2,multichannel_direct,
"intensity,voltage,current,time_norm",4,1.9682554006576538,false,1.6513351202011108,1.7009499153716452,rollout,convlstm,0.6284692287445068,1.1766101538745724,0.36948132514953613,0.7946133401449436,5672,1.702296004855977,direct_next_frame,11,1.394741709408799,1.4807329482537377,test,1,GRA29_C20_45deg_particle3,multichannel_direct,
"intensity,voltage,current,time_norm",4,1.4616633653640747,false,1.056548833847046,2.020253141994695,rollout,convlstm,0.5945094227790833,1.1839034175851508,0.2942747175693512,0.7258944978429002,5672,2.022247390199059,direct_next_frame,11,1.5990428642297072,1.6309579713075246,test,1,GRA29_C20_45deg_particle4,multichannel_direct,
"intensity,voltage,current,time_norm",4,0.7603028416633606,false,17.286130905151367,2.328237035174547,rollout,convlstm,0.8190557360649109,1.3399036716596784,0.35179224610328674,0.8120804216839295,5318,2.3321069159945758,direct_next_frame,11,1.5612086663832694,1.6499642595511106,train,1,GRA29_C20_25deg_particle1,multichannel_direct,
"intensity,voltage,current,time_norm",4,0.7810628414154053,false,20.050867080688477,1.8247613920309913,rollout,convlstm,0.5668851137161255,1.121371723231919,0.3106625974178314,0.7920822675585077,5318,1.8275388495168112,direct_next_frame,11,1.279605738965543,1.4157263319230764,train,1,GRA29_C20_25deg_particle2,multichannel_direct,
"intensity,voltage,current,time_norm",4,0.7770740985870361,false,17.669198989868164,2.1593964121671174,rollout,convlstm,0.7086019515991211,1.253119200885701,0.32814815640449524,0.7953347673277972,5318,2.162262884662575,direct_next_frame,11,1.588049493803812,1.5755871016377032,train,1,GRA29_C20_25deg_particle3,multichannel_direct,
"intensity,voltage,current,time_norm",4,0.7898894548416138,false,19.227081298828125,2.0273856791107403,rollout,convlstm,0.6113370060920715,1.0780867970650232,0.3015395700931549,0.7407127585909675,5318,2.0300809228911287,direct_next_frame,11,1.5011388222934354,1.4554721578116607,train,1,GRA29_C20_25deg_particle4,multichannel_direct,
intensity,4,,true,,1.0551963440248655,next_frame,convlstm,0.009060944430530071,0.011716341973297142,0.008586974814534187,0.011083030948510568,32,1.0551963440248655,delta_from_last_frame,0,nan,1.0571424033487595,test,1,GRA29_C20_45deg_particle1,smoke_image_only_delta,1
intensity,4,,true,,1.0557959790051406,next_frame,convlstm,0.008444097824394703,0.010961330638304189,0.007997849956154823,0.010321016469518064,32,1.0557959790051406,delta_from_last_frame,0,nan,1.062039835967438,test,1,GRA29_C20_45deg_particle2,smoke_image_only_delta,1
intensity,4,,true,,1.032854282814556,next_frame,convlstm,0.01125314924865961,0.014565617163382269,0.010895195417106152,0.01405314280709703,32,1.032854282814556,delta_from_last_frame,0,nan,1.036466885971331,test,1,GRA29_C20_45deg_particle3,smoke_image_only_delta,1
intensity,4,,true,,1.0327105113725858,next_frame,convlstm,0.011907120235264301,0.015413870940145563,0.011529969051480293,0.014900572284505424,32,1.0327105113725858,delta_from_last_frame,0,nan,1.034448251103342,test,1,GRA29_C20_45deg_particle4,smoke_image_only_delta,1
intensity,4,,true,,1.0532500411114922,next_frame,convlstm,0.009180091321468353,0.011852412350274217,0.008715965785086155,0.011236594695856769,32,1.0532500411114922,delta_from_last_frame,0,nan,1.0548046513277298,train,1,GRA29_C20_25deg_particle1,smoke_image_only_delta,1
intensity,4,,true,,1.044245844616776,next_frame,convlstm,0.009231042116880417,0.012028546220121842,0.008839912712574005,0.011416148721548877,32,1.044245844616776,delta_from_last_frame,0,nan,1.053643090459834,train,1,GRA29_C20_25deg_particle2,smoke_image_only_delta,1
intensity,4,,true,,1.0355806243736108,next_frame,convlstm,0.010959869250655174,0.014219781289978741,0.010583308525383472,0.013688024706641171,32,1.0355806243736108,delta_from_last_frame,0,nan,1.0388483068035064,train,1,GRA29_C20_25deg_particle3,smoke_image_only_delta,1
intensity,4,,true,,1.0377296554591007,next_frame,convlstm,0.010843443684279919,0.014103227797547935,0.010449199005961418,0.013557983091075941,32,1.0377296554591007,delta_from_last_frame,0,nan,1.040215768290114,train,1,GRA29_C20_25deg_particle4,smoke_image_only_delta,1
intensity,4,1.042600154876709,true,3.021279811859131,1.8829090998512252,rollout,convlstm,0.01782771199941635,0.039247991806735785,0.009468174539506435,0.012182088641701385,16,1.8829090998512252,delta_from_last_frame,0,nan,3.221778543983267,test,1,GRA29_C20_45deg_particle1,smoke_image_only_delta,
intensity,4,1.0567537546157837,true,2.9745569229125977,2.096725972992767,rollout,convlstm,0.01668817363679409,0.03751777392863599,0.007959158159792423,0.010336023433321588,16,2.096725972992767,delta_from_last_frame,0,nan,3.629807359732278,test,1,GRA29_C20_45deg_particle2,smoke_image_only_delta,
intensity,4,1.022512674331665,true,2.4461073875427246,1.6381568841679313,rollout,convlstm,0.018851343542337418,0.04007550505901334,0.011507654562592506,0.014851044169277511,16,1.6381568841679313,delta_from_last_frame,0,nan,2.6984974660514376,test,1,GRA29_C20_45deg_particle3,smoke_image_only_delta,
intensity,4,1.0274367332458496,true,2.2966434955596924,1.583453489562458,rollout,convlstm,0.02039812132716179,0.0414791566319895,0.012882046401500702,0.01656942640658594,16,1.583453489562458,delta_from_last_frame,0,nan,2.503355011462711,test,1,GRA29_C20_45deg_particle4,smoke_image_only_delta,
intensity,4,1.0391569137573242,true,2.836834669113159,1.817140942360598,rollout,convlstm,0.018989745527505875,0.03957613379691191,0.010450342670083046,0.013485595817385669,16,1.817140942360598,delta_from_last_frame,0,nan,2.9346967188420585,train,1,GRA29_C20_25deg_particle1,smoke_image_only_delta,
intensity,4,1.030495285987854,true,2.6552624702453613,1.7767509796529861,rollout,convlstm,0.01798803173005581,0.03935113307933663,0.010124115273356438,0.01327989646732283,16,1.7767509796529861,delta_from_last_frame,0,nan,2.9632108334704244,train,1,GRA29_C20_25deg_particle2,smoke_image_only_delta,
intensity,4,1.0266433954238892,true,2.2423596382141113,1.6064389622041517,rollout,convlstm,0.02008720487356186,0.04103903301170055,0.012504181824624538,0.016361814236554695,16,1.6064389622041517,delta_from_last_frame,0,nan,2.508220202134634,train,1,GRA29_C20_25deg_particle3,smoke_image_only_delta,
intensity,4,1.029078722000122,true,2.1098382472991943,1.5674245144359127,rollout,convlstm,0.02082809992134571,0.04126714465502076,0.013288103975355625,0.017693547118410268,16,1.5674245144359127,delta_from_last_frame,0,nan,2.3323273947755783,train,1,GRA29_C20_25deg_particle4,smoke_image_only_delta,
intensity,4,,false,,0.8269669005108488,next_frame,predrnn,0.008457676507532597,0.019463274804097652,0.010227345861494541,0.0214251853006726,2989,0.8269731468373749,delta_from_last_frame,11,0.8254042112595124,0.9084297069527162,test,1,GRA29_C20_45deg_particle1,image_only_delta,1
intensity,4,,false,,0.8358154061620529,next_frame,predrnn,0.008995035663247108,0.026948149021358805,0.0107619883492589,0.028179025914321157,2989,0.8358302854051972,delta_from_last_frame,11,0.8321716814213217,0.9563193952585566,test,1,GRA29_C20_45deg_particle2,image_only_delta,1
intensity,4,,false,,0.8146740954196282,next_frame,predrnn,0.01051811408251524,0.035743416181405606,0.01291082426905632,0.037369581270677875,2989,0.8146786529998671,delta_from_last_frame,11,0.8135312849999996,0.9564842571423662,test,1,GRA29_C20_45deg_particle3,image_only_delta,1
intensity,4,,false,,0.8324243778269746,next_frame,predrnn,0.012306470423936844,0.03901230448020237,0.01478388998657465,0.04022971706140014,2989,0.832249460300417,delta_from_last_frame,11,0.8768076569471561,0.9697384751839117,test,1,GRA29_C20_45deg_particle4,image_only_delta,1
intensity,4,,false,,0.7926100676017901,next_frame,predrnn,0.007912356406450272,0.011275000368000856,0.009982659481465816,0.014005393854705325,2989,0.7926575132666712,delta_from_last_frame,11,0.7824006398916563,0.8050470043877308,train,1,GRA29_C20_25deg_particle1,image_only_delta,1
intensity,4,,false,,0.7866545032578549,next_frame,predrnn,0.00858831126242876,0.012534354542670607,0.010917513631284237,0.01588178461046949,2989,0.7866010330063004,delta_from_last_frame,11,0.7989987052574228,0.7892283424123375,train,1,GRA29_C20_25deg_particle2,image_only_delta,1
intensity,4,,false,,0.7980117972047179,next_frame,predrnn,0.009746374562382698,0.014579102217787757,0.012213321402668953,0.01765184870072381,2989,0.7980802542035178,delta_from_last_frame,11,0.7831217015373465,0.8259249478605571,train,1,GRA29_C20_25deg_particle3,image_only_delta,1
intensity,4,,false,,0.8122802536702196,next_frame,predrnn,0.010796154849231243,0.015821953455863076,0.01329116988927126,0.018904409607165787,2989,0.8122842273695547,delta_from_last_frame,11,0.8114274585735934,0.8369451246901519,train,1,GRA29_C20_25deg_particle4,image_only_delta,1
intensity,4,0.7700949311256409,false,7.837255954742432,1.9248884903791348,rollout,predrnn,0.6778524518013,1.3170724422572135,0.3521515429019928,0.7988000319188149,5672,1.927351252047539,delta_from_last_frame,11,1.4021391270522774,1.648813707597689,test,1,GRA29_C20_45deg_particle1,image_only_delta,
intensity,4,0.7681074142456055,false,2.6790761947631836,1.5431034218206023,rollout,predrnn,0.6144109964370728,1.1239207707239627,0.3981657922267914,0.8105121651077161,5672,1.5442687938061361,delta_from_last_frame,11,1.2883732861598327,1.3866797058802873,test,1,GRA29_C20_45deg_particle2,image_only_delta,
intensity,4,0.765541672706604,false,2.1557908058166504,1.5298696471678377,rollout,predrnn,0.565258264541626,1.1392703438391252,0.36948132514953613,0.7946133401449436,5672,1.5305909331754133,delta_from_last_frame,11,1.365803529126814,1.433741778902571,test,1,GRA29_C20_45deg_particle3,image_only_delta,
intensity,4,0.7695258855819702,false,0.8270090222358704,1.7671800134916973,rollout,predrnn,0.5200363993644714,1.1052297596677685,0.2942747175693512,0.7258944978429002,5672,1.768705909211669,delta_from_last_frame,11,1.4448743911052262,1.522576301311165,test,1,GRA29_C20_45deg_particle4,image_only_delta,
intensity,4,0.7567164897918701,false,27.573869705200195,1.935021880791641,rollout,predrnn,0.6807256937026978,1.3349902715578543,0.35179224610328674,0.8120804216839295,5318,1.9378325193470436,delta_from_last_frame,11,1.3778787012968912,1.6439138734432475,train,1,GRA29_C20_25deg_particle1,image_only_delta,
intensity,4,0.762909471988678,false,17.410615921020508,1.7173144903443527,rollout,predrnn,0.533505380153656,1.1087108289471748,0.3106625974178314,0.7920822675585077,5318,1.7192013762698903,delta_from_last_frame,11,1.3469744508803412,1.3997420146326898,train,1,GRA29_C20_25deg_particle2,image_only_delta,
intensity,4,0.7647631168365479,false,15.817931175231934,1.6355778972057045,rollout,predrnn,0.5367118716239929,1.1158931677010133,0.32814815640449524,0.7953347673277972,5318,1.6369648435244175,delta_from_last_frame,11,1.3590637869454276,1.403048393634599,train,1,GRA29_C20_25deg_particle3,image_only_delta,
intensity,4,0.7727574706077576,false,20.235260009765625,1.781430677578321,rollout,predrnn,0.5371718406677246,1.1127017470460507,0.3015395700931549,0.7407127585909675,5318,1.7834664071709485,delta_from_last_frame,11,1.3838804837152094,1.502204105627538,train,1,GRA29_C20_25deg_particle4,image_only_delta,
intensity,4,,false,,0.887785389448045,next_frame,predrnn,0.009079688228666782,0.019911267603985282,0.010227345861494541,0.0214251853006726,2989,0.8878437283062632,direct_next_frame,11,0.8731591230354492,0.9293393417400319,test,1,GRA29_C20_45deg_particle1,image_only_direct,1
intensity,4,,false,,0.9035718362279336,next_frame,predrnn,0.009724229574203491,0.026213915708278326,0.0107619883492589,0.028179025914321157,2989,0.9036918484053698,direct_next_frame,11,0.8741477055008311,0.9302633734743783,test,1,GRA29_C20_45deg_particle2,image_only_direct,1
intensity,4,,false,,0.8545507676176082,next_frame,predrnn,0.011032954789698124,0.03448900518609181,0.01291082426905632,0.037369581270677875,2989,0.8545917747132271,direct_next_frame,11,0.8438152994192223,0.9229165544103564,test,1,GRA29_C20_45deg_particle3,image_only_direct,1
intensity,4,,false,,0.9187853457469444,next_frame,predrnn,0.013583221472799778,0.041419089829939706,0.01478388998657465,0.04022971706140014,2989,0.918272658875837,direct_next_frame,11,1.0489037754101473,1.029564532276583,test,1,GRA29_C20_45deg_particle4,image_only_direct,1
intensity,4,,false,,0.8318435675489391,next_frame,predrnn,0.008304011076688766,0.012147692461258516,0.009982659481465816,0.014005393854705325,2989,0.8319287276836264,direct_next_frame,11,0.8135938131446618,0.8673581469597382,train,1,GRA29_C20_25deg_particle1,image_only_direct,1
intensity,4,,false,,0.8264733453551353,next_frame,predrnn,0.009023034013807774,0.013454746040540942,0.010917513631284237,0.01588178461046949,2989,0.8264953508399866,direct_next_frame,11,0.8213951920282719,0.84718099196934,train,1,GRA29_C20_25deg_particle2,image_only_direct,1
intensity,4,,false,,0.8263227856373447,next_frame,predrnn,0.010092145763337612,0.015380692859535458,0.012213321402668953,0.01765184870072381,2989,0.8264168909909011,direct_next_frame,11,0.8058604600896513,0.8713360917774452,train,1,GRA29_C20_25deg_particle3,image_only_direct,1
intensity,4,,false,,0.8521417657905367,next_frame,predrnn,0.011325960978865623,0.016757630332487942,0.01329116988927126,0.018904409607165787,2989,0.8521887538091959,direct_next_frame,11,0.8413760494019797,0.8864402898959564,train,1,GRA29_C20_25deg_particle4,image_only_direct,1
intensity,4,0.8107692003250122,false,38.28174591064453,8.612055691126919,rollout,predrnn,3.0327486991882324,3.629862450970266,0.3521515429019928,0.7988000319188149,5672,8.635483480596603,direct_next_frame,11,3.6383749690140856,4.544144098556049,test,1,GRA29_C20_45deg_particle1,image_only_direct,
intensity,4,0.8453794717788696,false,18.475460052490234,7.592568599320955,rollout,predrnn,3.0231010913848877,3.6051427294958267,0.3981657922267914,0.8105121651077161,5672,7.612173877021473,direct_next_frame,11,3.3053195491102243,4.447981023229562,test,1,GRA29_C20_45deg_particle2,image_only_direct,
intensity,4,0.8039318919181824,false,12.200730323791504,8.072741668317505,rollout,predrnn,2.982727289199829,3.580431998203877,0.36948132514953613,0.7946133401449436,5672,8.091945308968171,direct_next_frame,11,3.7020140669092267,4.505879548348356,test,1,GRA29_C20_45deg_particle3,image_only_direct,
intensity,4,0.8258891105651855,false,8.87370777130127,9.902114202224155,rollout,predrnn,2.9139418601989746,3.5124920936576944,0.2942747175693512,0.7258944978429002,5672,9.928522043058365,direct_next_frame,11,4.327114794594313,4.83884655979012,test,1,GRA29_C20_45deg_particle4,image_only_direct,
intensity,4,0.7791540622711182,false,140.13961791992188,8.592015597174868,rollout,predrnn,3.022604465484619,3.625844922746779,0.35179224610328674,0.8120804216839295,5318,8.617058025836842,direct_next_frame,11,3.6271738085116763,4.464884050804019,train,1,GRA29_C20_25deg_particle1,image_only_direct,
intensity,4,0.7981730103492737,false,167.08399963378906,9.338520412348032,rollout,predrnn,2.9011290073394775,3.513787090115257,0.3106625974178314,0.7920822675585077,5318,9.365811039622027,direct_next_frame,11,3.9814169181813486,4.436139065385286,train,1,GRA29_C20_25deg_particle2,image_only_direct,
intensity,4,0.7835951447486877,false,150.92984008789062,9.191926672161259,rollout,predrnn,3.0163137912750244,3.628927799485263,0.32814815640449524,0.7953347673277972,5318,9.218219799794472,direct_next_frame,11,3.9510940742298915,4.562767715634894,train,1,GRA29_C20_25deg_particle3,image_only_direct,
intensity,4,0.8257065415382385,false,147.54908752441406,9.765933526909349,rollout,predrnn,2.9448153972625732,3.5460661247271603,0.3015395700931549,0.7407127585909675,5318,9.794683331652996,direct_next_frame,11,4.151871265516474,4.78737011560692,train,1,GRA29_C20_25deg_particle4,image_only_direct,
"intensity,voltage,current,time_norm",4,,false,,0.8109452700074825,next_frame,predrnn,0.0082938177511096,0.01877985808386431,0.010227345861494541,0.0214251853006726,2989,0.8107933140774402,delta_from_last_frame,11,0.8490140848854559,0.876531886203792,test,1,GRA29_C20_45deg_particle1,multichannel_delta,1
"intensity,voltage,current,time_norm",4,,false,,0.8432813120776019,next_frame,predrnn,0.00907538365572691,0.025650178726158743,0.0107619883492589,0.028179025914321157,2989,0.8432226221485625,delta_from_last_frame,11,0.8576437044752536,0.9102578209817678,test,1,GRA29_C20_45deg_particle2,multichannel_delta,1
"intensity,voltage,current,time_norm",4,,false,,0.8041259356272847,next_frame,predrnn,0.010381928645074368,0.03377272115647464,0.01291082426905632,0.037369581270677875,2989,0.8040309695437584,delta_from_last_frame,11,0.829154834217156,0.903748985353884,test,1,GRA29_C20_45deg_particle3,multichannel_delta,1
"intensity,voltage,current,time_norm",4,,false,,0.8231241858977537,next_frame,predrnn,0.012168977409601212,0.036384674507292,0.01478388998657465,0.04022971706140014,2989,0.8228467152364786,delta_from_last_frame,11,0.8935582877666319,0.9044228288198077,test,1,GRA29_C20_45deg_particle4,multichannel_delta,1
"intensity,voltage,current,time_norm",4,,false,,0.7782644772049555,next_frame,predrnn,0.007769149262458086,0.011087803298276378,0.009982659481465816,0.014005393854705325,2989,0.7781824251918502,delta_from_last_frame,11,0.7958084506810142,0.791680934738673,train,1,GRA29_C20_25deg_particle1,multichannel_delta,1
"intensity,voltage,current,time_norm",4,,false,,0.779447649414707,next_frame,predrnn,0.008509630337357521,0.01225253742627947,0.010917513631284237,0.01588178461046949,2989,0.7792916798938672,delta_from_last_frame,11,0.8155269625560214,0.771483666779011,train,1,GRA29_C20_25deg_particle2,multichannel_delta,1
"intensity,voltage,current,time_norm",4,,false,,0.7901756403903811,next_frame,predrnn,0.009650669060647488,0.014445159523788583,0.012213321402668953,0.01765184870072381,2989,0.7901705113508737,delta_from_last_frame,11,0.7912431359463472,0.8183369214577656,train,1,GRA29_C20_25deg_particle3,multichannel_delta,1
"intensity,voltage,current,time_norm",4,,false,,0.8063778419392508,next_frame,predrnn,0.010717704892158508,0.015659929326857096,0.01329116988927126,0.018904409607165787,2989,0.8063355009346816,delta_from_last_frame,11,0.8161016267947109,0.8283744191049025,train,1,GRA29_C20_25deg_particle4,multichannel_delta,1
"intensity,voltage,current,time_norm",4,0.7994058728218079,false,142.1920166015625,8.730865685334047,rollout,predrnn,3.074587821960449,10.218882895255877,0.3521515429019928,0.7988000319188149,5672,8.761129353889938,delta_from_last_frame,11,2.305333155448968,12.792792297102038,test,1,GRA29_C20_45deg_particle1,multichannel_delta,
"intensity,voltage,current,time_norm",4,0.8654420971870422,false,163.89402770996094,20.31509195165621,rollout,predrnn,8.088774681091309,21.784793078490697,0.3981657922267914,0.8105121651077161,5672,20.38526856056365,delta_from_last_frame,11,4.9714587212460915,26.877811359679622,test,1,GRA29_C20_45deg_particle2,multichannel_delta,
"intensity,voltage,current,time_norm",4,0.7789883613586426,false,4.148002624511719,1.426992960650235,rollout,predrnn,0.5272472500801086,1.1482299305702393,0.36948132514953613,0.7946133401449436,5672,1.4281411050420383,delta_from_last_frame,11,1.1657325157130027,1.4450171832765775,test,1,GRA29_C20_45deg_particle3,multichannel_delta,
"intensity,voltage,current,time_norm",4,0.779320240020752,false,56.35054016113281,19.780426628085394,rollout,predrnn,5.8208794593811035,20.576447646615446,0.2942747175693512,0.7258944978429002,5672,19.85039334893784,delta_from_last_frame,11,5.009453782036666,28.346333672126345,test,1,GRA29_C20_45deg_particle4,multichannel_delta,
"intensity,voltage,current,time_norm",4,0.7398001551628113,false,314.3540344238281,5.763984971775698,rollout,predrnn,2.0277252197265625,6.935805930109815,0.35179224610328674,0.8120804216839295,5318,5.78311122893237,delta_from_last_frame,11,1.9723174700516386,8.54078702664415,train,1,GRA29_C20_25deg_particle1,multichannel_delta,
"intensity,voltage,current,time_norm",4,0.7501271367073059,false,348.98968505859375,4.989961058534798,rollout,predrnn,1.550194263458252,3.1022671684548153,0.3106625974178314,0.7920822675585077,5318,5.006041050430547,delta_from_last_frame,11,1.833419305340452,3.9165971711715715,train,1,GRA29_C20_25deg_particle2,multichannel_delta,
"intensity,voltage,current,time_norm",4,0.751794695854187,false,300.3249816894531,4.807158410019231,rollout,predrnn,1.5774601697921753,2.778003984353687,0.32814815640449524,0.7953347673277972,5318,4.82116001449376,delta_from_last_frame,11,2.016452624637392,3.492873816754364,train,1,GRA29_C20_25deg_particle3,multichannel_delta,
"intensity,voltage,current,time_norm",4,0.7665860652923584,false,245.71234130859375,4.42334222739321,rollout,predrnn,1.3338127136230469,2.3731385013175164,0.3015395700931549,0.7407127585909675,5318,4.436273210844138,delta_from_last_frame,11,1.89824236047385,3.2038580054053023,train,1,GRA29_C20_25deg_particle4,multichannel_delta,
"intensity,voltage,current,time_norm",4,,false,,0.8688258256204577,next_frame,predrnn,0.008885782212018967,0.019212815844892584,0.010227345861494541,0.0214251853006726,2989,0.8687531944247968,direct_next_frame,11,0.8870210932402021,0.8967397749549189,test,1,GRA29_C20_45deg_particle1,multichannel_direct,1
"intensity,voltage,current,time_norm",4,,false,,0.8694925065316833,next_frame,predrnn,0.009357468225061893,0.02516123191078136,0.0107619883492589,0.028179025914321157,2989,0.8694472416971806,direct_next_frame,11,0.8805611583775845,0.8929063760856938,test,1,GRA29_C20_45deg_particle2,multichannel_direct,1
"intensity,voltage,current,time_norm",4,,false,,0.8370568709617012,next_frame,predrnn,0.010807094164192677,0.03284032619573878,0.01291082426905632,0.037369581270677875,2989,0.8370169287273259,direct_next_frame,11,0.8475982598954699,0.8787983455813303,test,1,GRA29_C20_45deg_particle3,multichannel_direct,1
"intensity,voltage,current,time_norm",4,,false,,0.8825291366473436,next_frame,predrnn,0.013047213666141033,0.03889374789908515,0.01478388998657465,0.04022971706140014,2989,0.8821186469514063,direct_next_frame,11,0.9866848439311554,0.9667914850040834,test,1,GRA29_C20_45deg_particle4,multichannel_direct,1
"intensity,voltage,current,time_norm",4,,false,,0.8122081587685337,next_frame,predrnn,0.008107997477054596,0.011733380016847423,0.009982659481465816,0.014005393854705325,2989,0.812196792652377,direct_next_frame,11,0.8146138023282445,0.8377757982797046,train,1,GRA29_C20_25deg_particle1,multichannel_direct,1
"intensity,voltage,current,time_norm",4,,false,,0.8165621405711416,next_frame,predrnn,0.008914828300476074,0.013116253957364729,0.010917513631284237,0.01588178461046949,2989,0.8164829967272228,direct_next_frame,11,0.8348682524524041,0.825867764805116,train,1,GRA29_C20_25deg_particle2,multichannel_direct,1
"intensity,voltage,current,time_norm",4,,false,,0.815861104896357,next_frame,predrnn,0.009964373894035816,0.01501178326445233,0.012213321402668953,0.01765184870072381,2989,0.8158622732521428,direct_next_frame,11,0.8156015776142173,0.8504368873180278,train,1,GRA29_C20_25deg_particle3,multichannel_direct,1
"intensity,voltage,current,time_norm",4,,false,,0.8457924426567054,next_frame,predrnn,0.011241571046411991,0.01659970939335447,0.01329116988927126,0.018904409607165787,2989,0.8457331396188631,direct_next_frame,11,0.859420384936368,0.8780866336636236,train,1,GRA29_C20_25deg_particle4,multichannel_direct,1
"intensity,voltage,current,time_norm",4,0.8816789984703064,false,3.792912006378174,5.696462116349145,rollout,predrnn,2.0060179233551025,2.685853320584053,0.3521515429019928,0.7988000319188149,5672,5.708942333526652,direct_next_frame,11,3.04701912883578,3.3623600566618737,test,1,GRA29_C20_45deg_particle1,multichannel_direct,
"intensity,voltage,current,time_norm",4,0.8713722229003906,false,2.358732223510742,4.677887284400183,rollout,predrnn,1.8625746965408325,2.5541538066032055,0.3981657922267914,0.8105121651077161,5672,4.6855380952223715,direct_next_frame,11,3.0049832928246296,3.1512837395398767,test,1,GRA29_C20_45deg_particle2,multichannel_direct,
"intensity,voltage,current,time_norm",4,0.8500754833221436,false,1.8526942729949951,5.368554710311624,rollout,predrnn,1.9835807085037231,2.708129924080354,0.36948132514953613,0.7946133401449436,5672,5.377079603950341,direct_next_frame,11,3.42890738495959,3.408110318895943,test,1,GRA29_C20_45deg_particle3,multichannel_direct,
"intensity,voltage,current,time_norm",4,0.8503005504608154,false,0.17277733981609344,6.05251513005431,rollout,predrnn,1.781102180480957,2.4795833419144255,0.2942747175693512,0.7258944978429002,5672,6.063764125504432,direct_next_frame,11,3.6771774655841725,3.4159004501106756,test,1,GRA29_C20_45deg_particle4,multichannel_direct,
"intensity,voltage,current,time_norm",4,0.7831929922103882,false,11.876275062561035,5.492376308105538,rollout,predrnn,1.9321753978729248,2.6259618540983585,0.35179224610328674,0.8120804216839295,5318,5.503899657072164,direct_next_frame,11,3.207550262374823,3.233622907264733,train,1,GRA29_C20_25deg_particle1,multichannel_direct,
"intensity,voltage,current,time_norm",4,0.8191056847572327,false,15.852689743041992,5.967302139166454,rollout,predrnn,1.8538175821304321,2.5586869317478578,0.3106625974178314,0.7920822675585077,5318,5.978015206592994,direct_next_frame,11,3.8642604507173317,3.230329773237675,train,1,GRA29_C20_25deg_particle2,multichannel_direct,
"intensity,voltage,current,time_norm",4,0.7843837141990662,false,14.314370155334473,5.6941429911019386,rollout,predrnn,1.8685225248336792,2.560643430703565,0.32814815640449524,0.7953347673277972,5318,5.705173321207835,direct_next_frame,11,3.4953795474465568,3.2195793971222133,train,1,GRA29_C20_25deg_particle3,multichannel_direct,
"intensity,voltage,current,time_norm",4,0.816895604133606,false,16.057621002197266,6.160427333929697,rollout,predrnn,1.8576126098632812,2.551889082593924,0.3015395700931549,0.7407127585909675,5318,6.172592608674489,direct_next_frame,11,3.7844613455431224,3.4451804062998663,train,1,GRA29_C20_25deg_particle4,multichannel_direct,
intensity,4,,true,,0.9998993513585506,next_frame,predrnn,0.008586110547184944,0.01108389683197337,0.008586974814534187,0.011083030948510568,32,0.9998993513585506,delta_from_last_frame,0,nan,1.0000781269552368,test,1,GRA29_C20_45deg_particle1,smoke_image_only_delta,1
intensity,4,,true,,0.997810687144503,next_frame,predrnn,0.007980340160429478,0.010289422682414295,0.007997849956154823,0.010321016469518064,32,0.997810687144503,delta_from_last_frame,0,nan,0.9969388880255081,test,1,GRA29_C20_45deg_particle2,smoke_image_only_delta,1
intensity,4,,true,,0.996487194608393,next_frame,predrnn,0.010856922715902328,0.014003097946955293,0.010895195417106152,0.01405314280709703,32,0.996487194608393,delta_from_last_frame,0,nan,0.9964388848225136,test,1,GRA29_C20_45deg_particle3,smoke_image_only_delta,1
intensity,4,,true,,0.9945788480163099,next_frame,predrnn,0.011467463336884975,0.014814969995518283,0.011529969051480293,0.014900572284505424,32,0.9945788480163099,delta_from_last_frame,0,nan,0.9942551005858913,test,1,GRA29_C20_45deg_particle4,smoke_image_only_delta,1
intensity,4,,true,,0.9992146342594487,next_frame,predrnn,0.008709120564162731,0.011227979980314108,0.008715965785086155,0.011236594695856769,32,0.9992146342594487,delta_from_last_frame,0,nan,0.9992333339614148,train,1,GRA29_C20_25deg_particle1,smoke_image_only_delta,1
intensity,4,,true,,0.9961680543931467,next_frame,predrnn,0.008806038647890091,0.01137075961656326,0.008839912712574005,0.011416148721548877,32,0.9961680543931467,delta_from_last_frame,0,nan,0.9960241315970296,train,1,GRA29_C20_25deg_particle2,smoke_image_only_delta,1
intensity,4,,true,,0.9965290479605263,next_frame,predrnn,0.010546574369072914,0.013640147673966225,0.010583308525383472,0.013688024706641171,32,0.9965290479605263,delta_from_last_frame,0,nan,0.9965022686836825,train,1,GRA29_C20_25deg_particle3,smoke_image_only_delta,1
intensity,4,,true,,0.9948942676221967,next_frame,predrnn,0.01039584819227457,0.013484641884891348,0.010449199005961418,0.013557983091075941,32,0.9948942676221967,delta_from_last_frame,0,nan,0.9945905518769331,train,1,GRA29_C20_25deg_particle4,smoke_image_only_delta,1
intensity,4,0.9978682398796082,true,1.3696132898330688,1.1429041324956044,rollout,predrnn,0.010821215808391571,0.014142225994681857,0.009468174539506435,0.012182088641701385,16,1.1429041324956044,delta_from_last_frame,0,nan,1.1609032252704667,test,1,GRA29_C20_45deg_particle1,smoke_image_only_delta,
intensity,4,0.9973483085632324,true,1.3878602981567383,1.188732823852243,rollout,predrnn,0.009461312554776669,0.012005885018874708,0.007959158159792423,0.010336023433321588,16,1.188732823852243,delta_from_last_frame,0,nan,1.1615574496638397,test,1,GRA29_C20_45deg_particle2,smoke_image_only_delta,
intensity,4,0.9950637817382812,true,1.0898665189743042,1.0315169246332827,rollout,predrnn,0.011870340444147587,0.015369270420598952,0.011507654562592506,0.014851044169277511,16,1.0315169246332827,delta_from_last_frame,0,nan,1.0348949370437872,test,1,GRA29_C20_45deg_particle3,smoke_image_only_delta,
intensity,4,0.9939340949058533,true,1.0053839683532715,1.000354178920867,rollout,predrnn,0.012886608950793743,0.016583155497304495,0.012882046401500702,0.01656942640658594,16,1.000354178920867,delta_from_last_frame,0,nan,1.0008285797215706,test,1,GRA29_C20_45deg_particle4,smoke_image_only_delta,
intensity,4,0.9993541240692139,true,1.1747945547103882,1.0608647024276867,rollout,predrnn,0.011086399666965008,0.014449890965376537,0.010450342670083046,0.013485595817385669,16,1.0608647024276867,delta_from_last_frame,0,nan,1.0715055649782783,train,1,GRA29_C20_25deg_particle1,smoke_image_only_delta,
intensity,4,0.9968657493591309,true,1.0281873941421509,1.0004915053199035,rollout,predrnn,0.010129091329872608,0.013309794187429762,0.010124115273356438,0.01327989646732283,16,1.0004915053199035,delta_from_last_frame,0,nan,1.0022513518972456,train,1,GRA29_C20_25deg_particle2,smoke_image_only_delta,
intensity,4,0.9974315166473389,true,1.0472990274429321,1.012904111888766,rollout,predrnn,0.012665537185966969,0.016596514621619696,0.012504181824624538,0.016361814236554695,16,1.012904111888766,delta_from_last_frame,0,nan,1.0143443985900198,train,1,GRA29_C20_25deg_particle3,smoke_image_only_delta,
intensity,4,0.9944589734077454,true,1.0004751682281494,0.9908923420413789,rollout,predrnn,0.013167080469429493,0.017392060379502007,0.013288103975355625,0.017693547118410268,16,0.9908923420413789,delta_from_last_frame,0,nan,0.9829606388763866,train,1,GRA29_C20_25deg_particle4,smoke_image_only_delta,
intensity,4,,false,,0.8027094405524039,next_frame,predrnnpp,0.008209587074816227,0.01914817681761562,0.010227345861494541,0.0214251853006726,2989,0.8026756151399818,delta_from_last_frame,11,0.8111966594449402,0.8937228102766748,test,1,GRA29_C20_45deg_particle1,image_only_delta,1
intensity,4,,false,,0.8297098799828343,next_frame,predrnnpp,0.008929328061640263,0.02689847537023364,0.0107619883492589,0.028179025914321157,2989,0.829661910259669,delta_from_last_frame,11,0.8414405488870711,0.9545566071736811,test,1,GRA29_C20_45deg_particle2,image_only_delta,1
intensity,4,,false,,0.7997333456828488,next_frame,predrnnpp,0.010325216688215733,0.03584437978244449,0.01291082426905632,0.037369581270677875,2989,0.7997136762239948,delta_from_last_frame,11,0.8049273851420135,0.9591860161026171,test,1,GRA29_C20_45deg_particle3,image_only_delta,1
intensity,4,,false,,0.8197203983021127,next_frame,predrnnpp,0.012118656188249588,0.03907433271005341,0.01478388998657465,0.04022971706140014,2989,0.8194029088956858,delta_from_last_frame,11,0.9002309847607946,0.9712803261931139,test,1,GRA29_C20_45deg_particle4,image_only_delta,1
intensity,4,,false,,0.77206774751537,next_frame,predrnnpp,0.007707289420068264,0.010959823744689408,0.009982659481465816,0.014005393854705325,2989,0.7720708147241957,delta_from_last_frame,11,0.7713932320951398,0.7825430586521698,train,1,GRA29_C20_25deg_particle1,image_only_delta,1
intensity,4,,false,,0.7729653794114287,next_frame,predrnnpp,0.008438860066235065,0.01203742334709032,0.010917513631284237,0.01588178461046949,2989,0.7728820182657857,delta_from_last_frame,11,0.7922426128260092,0.7579389622974162,train,1,GRA29_C20_25deg_particle2,image_only_delta,1
intensity,4,,false,,0.7825477350309449,next_frame,predrnnpp,0.009557507000863552,0.014187537123503145,0.012213321402668953,0.01765184870072381,2989,0.7826124720585336,delta_from_last_frame,11,0.7684565079944645,0.8037422801455005,train,1,GRA29_C20_25deg_particle3,image_only_delta,1
intensity,4,,false,,0.7945286636767467,next_frame,predrnnpp,0.010560215450823307,0.015210149489836788,0.01329116988927126,0.018904409607165787,2989,0.7945500976752862,delta_from_last_frame,11,0.7896089995011573,0.804582095178012,train,1,GRA29_C20_25deg_particle4,image_only_delta,1
intensity,4,0.7535790205001831,false,926.9968872070312,101.7096527704021,rollout,predrnnpp,35.81721115112305,57.22302730121524,0.3521515429019928,0.7988000319188149,5672,101.99477004509126,delta_from_last_frame,11,41.18218557499898,71.63623562177203,test,1,GRA29_C20_45deg_particle1,image_only_delta,
intensity,4,0.7689961194992065,false,148.1092071533203,27.20549463717944,rollout,predrnnpp,10.832297325134277,14.688924777137313,0.3981657922267914,0.8105121651077161,5672,27.281976959724695,delta_from_last_frame,11,10.483301956668065,18.123015803452095,test,1,GRA29_C20_45deg_particle2,image_only_delta,
intensity,4,0.7515758872032166,false,104.11554718017578,29.2568307632942,rollout,predrnnpp,10.809852600097656,14.78008034979798,0.36948132514953613,0.7946133401449436,5672,29.335219361098122,delta_from_last_frame,11,11.417564655364721,18.60034258561778,test,1,GRA29_C20_45deg_particle3,image_only_delta,
intensity,4,0.7513746023178101,false,76.10265350341797,39.55125411918571,rollout,predrnnpp,11.638934135437012,15.822332047022968,0.2942747175693512,0.7258944978429002,5672,39.66687492535591,delta_from_last_frame,11,15.14122733363168,21.797013331884045,test,1,GRA29_C20_45deg_particle4,image_only_delta,
intensity,4,0.7401847839355469,false,2776.99072265625,79.44354262711313,rollout,predrnnpp,27.947622299194336,45.82285865155075,0.35179224610328674,0.8120804216839295,5318,79.70056180348094,delta_from_last_frame,11,28.490173313727812,56.4265033708515,train,1,GRA29_C20_25deg_particle1,image_only_delta,
intensity,4,0.7502384185791016,false,117.1675033569336,4.762537069122564,rollout,predrnnpp,1.4795421361923218,1.859769763232833,0.3106625974178314,0.7920822675585077,5318,4.7738587237288685,delta_from_last_frame,11,2.540020275379761,2.347950256436538,train,1,GRA29_C20_25deg_particle2,image_only_delta,
intensity,4,0.7508909106254578,false,726.0294189453125,18.79612108992741,rollout,predrnnpp,6.167912483215332,11.469623418078688,0.32814815640449524,0.7953347673277972,5318,18.859698185128448,delta_from_last_frame,11,6.124365044026643,14.421126661688467,train,1,GRA29_C20_25deg_particle3,image_only_delta,
intensity,4,0.7475759983062744,false,1197.111572265625,37.87482433515198,rollout,predrnnpp,11.420758247375488,15.262166657427823,0.3015395700931549,0.7407127585909675,5318,38.00202493105906,delta_from_last_frame,11,13.03837275410503,20.604703348785996,train,1,GRA29_C20_25deg_particle4,image_only_delta,
intensity,4,,false,,4.003275682284316,next_frame,predrnnpp,0.04094288498163223,0.07432685056824365,0.010227345861494541,0.0214251853006726,2989,3.989809175731599,direct_next_frame,11,7.376050220497188,3.4691345500713267,test,1,GRA29_C20_45deg_particle1,image_only_direct,1
intensity,4,,false,,11.346434459422564,next_frame,predrnnpp,0.12211019545793533,0.19195504241532219,0.0107619883492589,0.028179025914321157,2989,11.314440911518087,direct_next_frame,11,19.191283403823558,6.8119828910681655,test,1,GRA29_C20_45deg_particle2,image_only_direct,1
intensity,4,,false,,1.4345511744591244,next_frame,predrnnpp,0.01852123811841011,0.048051695368644516,0.01291082426905632,0.037369581270677875,2989,1.434515159584311,direct_next_frame,11,1.4441407428692834,1.285850516241893,test,1,GRA29_C20_45deg_particle3,image_only_direct,1
intensity,4,,false,,2.675943760145863,next_frame,predrnnpp,0.03956085816025734,0.0831402507483926,0.01478388998657465,0.04022971706140014,2989,2.675558193666769,direct_next_frame,11,2.7739570800382434,2.0666377201087633,test,1,GRA29_C20_45deg_particle4,image_only_direct,1
intensity,4,,false,,1.019664236636959,next_frame,predrnnpp,0.010178960859775543,0.015129333182489525,0.009982659481465816,0.014005393854705325,2989,1.019864356604386,direct_next_frame,11,0.9768087831486368,1.080250462032283,train,1,GRA29_C20_25deg_particle1,image_only_direct,1
intensity,4,,false,,1.1033764634456666,next_frame,predrnnpp,0.012046127580106258,0.01739728645142991,0.010917513631284237,0.01588178461046949,2989,1.1036404470903303,direct_next_frame,11,1.042226832150922,1.0954239009110713,train,1,GRA29_C20_25deg_particle2,image_only_direct,1
intensity,4,,false,,1.0509135536086218,next_frame,predrnnpp,0.012835144996643066,0.021398490503109026,0.012213321402668953,0.01765184870072381,2989,1.0511624115598732,direct_next_frame,11,0.9968044122886366,1.2122520913195673,train,1,GRA29_C20_25deg_particle3,image_only_direct,1
intensity,4,,false,,1.1755859405792821,next_frame,predrnnpp,0.015624912455677986,0.027071824736830865,0.01329116988927126,0.018904409607165787,2989,1.1762297760269929,direct_next_frame,11,1.0281363850214786,1.432037566863193,train,1,GRA29_C20_25deg_particle4,image_only_direct,1
intensity,4,1.4264867305755615,false,4.256849765777588,1.3509281501864594,rollout,predrnnpp,0.47573143243789673,0.9694352956253319,0.3521515429019928,0.7988000319188149,5672,1.3518578865747801,direct_next_frame,11,1.1535400887320575,1.2136144928495187,test,1,GRA29_C20_45deg_particle1,image_only_direct,
intensity,4,1.639461874961853,false,1.9623727798461914,1.2987319751378477,rollout,predrnnpp,0.5171106457710266,0.9548984350751125,0.3981657922267914,0.8105121651077161,5672,1.2993988527591505,direct_next_frame,11,1.1529921871117095,1.1781420146213446,test,1,GRA29_C20_45deg_particle2,image_only_direct,
intensity,4,0.8550806641578674,false,1.7348994016647339,1.255045517988123,rollout,predrnnpp,0.46371588110923767,0.9608962197469891,0.36948132514953613,0.7946133401449436,5672,1.255477306174706,direct_next_frame,11,1.1569529934459644,1.2092626327815166,test,1,GRA29_C20_45deg_particle3,image_only_direct,
intensity,4,3.583580255508423,false,3.3596372604370117,3.4377038958313775,rollout,predrnnpp,1.011629343032837,1.3562984510636087,0.2942747175693512,0.7258944978429002,5672,3.445516114591568,direct_next_frame,11,1.78837128433039,1.8684512075708584,test,1,GRA29_C20_45deg_particle4,image_only_direct,
intensity,4,0.796648383140564,false,13.786415100097656,1.3621284782885126,rollout,predrnnpp,0.4791862368583679,0.9863116876724405,0.35179224610328674,0.8120804216839295,5318,1.363390499301569,direct_next_frame,11,1.1120104949929266,1.2145492753380573,train,1,GRA29_C20_25deg_particle1,image_only_direct,
intensity,4,0.9168767333030701,false,13.420743942260742,1.3636910096951231,rollout,predrnnpp,0.42364779114723206,0.9623189470997197,0.3106625974178314,0.7920822675585077,5318,1.3648902997470636,direct_next_frame,11,1.128255413208348,1.2149229777178887,train,1,GRA29_C20_25deg_particle2,image_only_direct,
intensity,4,0.8257836103439331,false,13.95395278930664,1.3590483910152056,rollout,predrnnpp,0.44596922397613525,0.9895879979609257,0.32814815640449524,0.7953347673277972,5318,1.3601019736908024,direct_next_frame,11,1.1489998225401363,1.244240838717248,train,1,GRA29_C20_25deg_particle3,image_only_direct,
intensity,4,1.4631922245025635,false,16.41047477722168,1.4727777426917543,rollout,predrnnpp,0.4441007673740387,0.994300964255941,0.3015395700931549,0.7407127585909675,5318,1.4740988556155554,direct_next_frame,11,1.2147375071466664,1.342357010492658,train,1,GRA29_C20_25deg_particle4,image_only_direct,
"intensity,voltage,current,time_norm",4,,false,,0.8078638229703714,next_frame,predrnnpp,0.008262302726507187,0.019405463600695526,0.010227345861494541,0.0214251853006726,2989,0.8075268140393188,delta_from_last_frame,11,0.8922535145045203,0.9057314244132268,test,1,GRA29_C20_45deg_particle1,multichannel_delta,1
"intensity,voltage,current,time_norm",4,,false,,0.8388297030434689,next_frame,predrnnpp,0.009027475491166115,0.02747101098921102,0.0107619883492589,0.028179025914321157,2989,0.8386216415941247,delta_from_last_frame,11,0.8898172920582663,0.974874400298191,test,1,GRA29_C20_45deg_particle2,multichannel_delta,1
"intensity,voltage,current,time_norm",4,,false,,0.8038473501777262,next_frame,predrnnpp,0.010378331877291203,0.03627355653368225,0.01291082426905632,0.037369581270677875,2989,0.8036763834323228,delta_from_last_frame,11,0.8488659537259964,0.9706706711788707,test,1,GRA29_C20_45deg_particle3,multichannel_delta,1
"intensity,voltage,current,time_norm",4,,false,,0.8191063785046832,next_frame,predrnnpp,0.012109578587114811,0.038162472437021776,0.01478388998657465,0.04022971706140014,2989,0.818621116399936,delta_from_last_frame,11,0.9421924515328507,0.9486139904682089,test,1,GRA29_C20_45deg_particle4,multichannel_delta,1
"intensity,voltage,current,time_norm",4,,false,,0.7742926236418838,next_frame,predrnnpp,0.007729499600827694,0.010984632241965308,0.009982659481465816,0.014005393854705325,2989,0.774061294005309,delta_from_last_frame,11,0.8238101848980537,0.784314411713231,train,1,GRA29_C20_25deg_particle1,multichannel_delta,1
"intensity,voltage,current,time_norm",4,,false,,0.7754125346521089,next_frame,predrnnpp,0.00846557691693306,0.012116397923672926,0.010917513631284237,0.01588178461046949,2989,0.7752330811266493,delta_from_last_frame,11,0.8169585679466418,0.762911613578088,train,1,GRA29_C20_25deg_particle2,multichannel_delta,1
"intensity,voltage,current,time_norm",4,,false,,0.7858398771263038,next_frame,predrnnpp,0.009597714990377426,0.014280967677298737,0.012213321402668953,0.01765184870072381,2989,0.7857064406401402,delta_from_last_frame,11,0.81485367930372,0.8090352415445952,train,1,GRA29_C20_25deg_particle3,multichannel_delta,1
"intensity,voltage,current,time_norm",4,,false,,0.7986494558829146,next_frame,predrnnpp,0.010614985600113869,0.015331256445970047,0.01329116988927126,0.018904409607165787,2989,0.7983837650071451,delta_from_last_frame,11,0.8595327427602789,0.8109883759691008,train,1,GRA29_C20_25deg_particle4,multichannel_delta,1
"intensity,voltage,current,time_norm",4,8.140299797058105,false,145.34254455566406,9.09822705944232,rollout,predrnnpp,3.2039546966552734,16.426404101597658,0.3521515429019928,0.7988000319188149,5672,9.134064142051646,delta_from_last_frame,11,1.4900368797898877,20.563850081652397,test,1,GRA29_C20_45deg_particle1,multichannel_delta,
"intensity,voltage,current,time_norm",4,6.847515106201172,false,7.046200752258301,1.7483342161776143,rollout,predrnnpp,0.6961268782615662,1.308858588449417,0.3981657922267914,0.8105121651077161,5672,1.7515193031422895,delta_from_last_frame,11,1.0518825140049513,1.6148537243428929,test,1,GRA29_C20_45deg_particle2,multichannel_delta,
"intensity,voltage,current,time_norm",4,7.266477108001709,false,4.447009563446045,2.606705611411632,rollout,predrnnpp,0.9631290435791016,1.5088564564489235,0.36948132514953613,0.7946133401449436,5672,2.612665403079813,delta_from_last_frame,11,1.250421294144513,1.8988561860460291,test,1,GRA29_C20_45deg_particle3,multichannel_delta,
"intensity,voltage,current,time_norm",4,7.463807106018066,false,2.1162803173065186,3.191716085755018,rollout,predrnnpp,0.939241349697113,1.5105288847529443,0.2942747175693512,0.7258944978429002,5672,3.2003699096796416,delta_from_last_frame,11,1.364541690219218,2.0809206974866155,test,1,GRA29_C20_45deg_particle4,multichannel_delta,
"intensity,voltage,current,time_norm",4,0.7426148056983948,false,98.50638580322266,3.6473069009654115,rollout,predrnnpp,1.2830942869186401,2.2350155639106526,0.35179224610328674,0.8120804216839295,5318,3.6583075882554863,delta_from_last_frame,11,1.466372119277755,2.7522096386416086,train,1,GRA29_C20_25deg_particle1,multichannel_delta,
"intensity,voltage,current,time_norm",4,0.7500876188278198,false,60.15888977050781,3.150929667164775,rollout,predrnnpp,0.978875994682312,1.5604372523146373,0.3106625974178314,0.7920822675585077,5318,3.1608331170763715,delta_from_last_frame,11,1.2067040036021504,1.970044421174186,train,1,GRA29_C20_25deg_particle2,multichannel_delta,
"intensity,voltage,current,time_norm",4,0.7512654662132263,false,58.15373229980469,2.275695962836572,rollout,predrnnpp,0.7467654347419739,1.3713962406011788,0.32814815640449524,0.7953347673277972,5318,2.2803788270875907,delta_from_last_frame,11,1.3421888033264826,1.724300630297931,train,1,GRA29_C20_25deg_particle3,multichannel_delta,
"intensity,voltage,current,time_norm",4,0.7630901336669922,false,55.11857986450195,3.2535152983463416,rollout,predrnnpp,0.9810636043548584,1.5439971973018212,0.3015395700931549,0.7407127585909675,5318,3.2635811697867916,delta_from_last_frame,11,1.287970138545235,2.0844749592796457,train,1,GRA29_C20_25deg_particle4,multichannel_delta,
"intensity,voltage,current,time_norm",4,,false,,1.057390368863935,next_frame,predrnnpp,0.010814297012984753,0.022900450915844903,0.010227345861494541,0.0214251853006726,2989,1.0541062118974749,direct_next_frame,11,1.8799302052768196,1.0688566093813896,test,1,GRA29_C20_45deg_particle1,multichannel_direct,1
"intensity,voltage,current,time_norm",4,,false,,1.5734351068144727,next_frame,predrnnpp,0.016933290287852287,0.03125081024013609,0.0107619883492589,0.028179025914321157,2989,1.5699912457917122,direct_next_frame,11,2.4178273615917636,1.1090095993791533,test,1,GRA29_C20_45deg_particle2,multichannel_direct,1
"intensity,voltage,current,time_norm",4,,false,,0.937728433576486,next_frame,predrnnpp,0.012106847018003464,0.03605541432579016,0.01291082426905632,0.037369581270677875,2989,0.9363332881473514,direct_next_frame,11,1.3048439318336331,0.9648332440396147,test,1,GRA29_C20_45deg_particle3,multichannel_direct,1
"intensity,voltage,current,time_norm",4,,false,,1.4500637863697432,next_frame,predrnnpp,0.02143758349120617,0.06197524499941418,0.01478388998657465,0.04022971706140014,2989,1.4447982790105067,direct_next_frame,11,2.7858569367552146,1.5405339516761996,test,1,GRA29_C20_45deg_particle4,multichannel_direct,1
"intensity,voltage,current,time_norm",4,,false,,0.9254821365714573,next_frame,predrnnpp,0.0092387730255723,0.014638523879775921,0.009982659481465816,0.014005393854705325,2989,0.9242326342601132,direct_next_frame,11,1.1929612947800377,1.0452061564022268,train,1,GRA29_C20_25deg_particle1,multichannel_direct,1
"intensity,voltage,current,time_norm",4,,false,,0.910064080543286,next_frame,predrnnpp,0.009935637004673481,0.01627426217205999,0.010917513631284237,0.01588178461046949,2989,0.9090111443094044,direct_next_frame,11,1.1538026772751588,1.0247124344786651,train,1,GRA29_C20_25deg_particle2,multichannel_direct,1
"intensity,voltage,current,time_norm",4,,false,,1.0063228832432995,next_frame,predrnnpp,0.01229054480791092,0.022649029288138167,0.012213321402668953,0.01765184870072381,2989,1.005299671964685,direct_next_frame,11,1.228688424244996,1.2830967267020281,train,1,GRA29_C20_25deg_particle3,multichannel_direct,1
"intensity,voltage,current,time_norm",4,,false,,1.1220138901297256,next_frame,predrnnpp,0.014912877231836319,0.033650276399542885,0.01329116988927126,0.018904409607165787,2989,1.121602996590831,direct_next_frame,11,1.2161826000818008,1.7800226031278767,train,1,GRA29_C20_25deg_particle4,multichannel_direct,1
"intensity,voltage,current,time_norm",4,26.095741271972656,false,7.282790184020996,2.1459932491244045,rollout,predrnnpp,0.7557148337364197,1.252903807945898,0.3521515429019928,0.7988000319188149,5672,2.148680146691291,direct_next_frame,11,1.5756803745020327,1.5684824209837231,test,1,GRA29_C20_45deg_particle1,multichannel_direct,
"intensity,voltage,current,time_norm",4,24.783655166625977,false,4.528419494628906,2.006936259391401,rollout,predrnnpp,0.7990933656692505,1.2537163801620352,0.3981657922267914,0.8105121651077161,5672,2.009482192671503,direct_next_frame,11,1.4502582966794955,1.546819941925755,test,1,GRA29_C20_45deg_particle2,multichannel_direct,
"intensity,voltage,current,time_norm",4,23.93944549560547,false,3.349651575088501,1.94892825593318,rollout,predrnnpp,0.7200925946235657,1.2544764948194056,0.36948132514953613,0.7946133401449436,5672,1.9507024857773707,direct_next_frame,11,1.5453451128415852,1.5787256914042993,test,1,GRA29_C20_45deg_particle3,multichannel_direct,
"intensity,voltage,current,time_norm",4,24.742265701293945,false,1.2856251001358032,2.366191925418724,rollout,predrnnpp,0.6963104605674744,1.259835316704191,0.2942747175693512,0.7258944978429002,5672,2.3691092106941514,direct_next_frame,11,1.7502130747134321,1.7355625651495812,test,1,GRA29_C20_45deg_particle4,multichannel_direct,
"intensity,voltage,current,time_norm",4,0.8022522330284119,false,26.099023818969727,2.1441569598724657,rollout,predrnnpp,0.7542977929115295,1.277979701207816,0.35179224610328674,0.8120804216839295,5318,2.1472740805693484,direct_next_frame,11,1.5262589461800595,1.5737107644558135,train,1,GRA29_C20_25deg_particle1,multichannel_direct,
"intensity,voltage,current,time_norm",4,0.8738426566123962,false,33.488624572753906,2.4148363020448658,rollout,predrnnpp,0.7501993179321289,1.2861496816352895,0.3106625974178314,0.7920822675585077,5318,2.41863999340308,direct_next_frame,11,1.6681142419890722,1.6237577008252961,train,1,GRA29_C20_25deg_particle2,multichannel_direct,
"intensity,voltage,current,time_norm",4,0.8314089775085449,false,32.539398193359375,2.2287156502805194,rollout,predrnnpp,0.7313489317893982,1.2813515971771288,0.32814815640449524,0.7953347673277972,5318,2.2318788382912884,direct_next_frame,11,1.5981254290522149,1.6110846021258112,train,1,GRA29_C20_25deg_particle3,multichannel_direct,
"intensity,voltage,current,time_norm",4,0.8569746613502502,false,30.75520896911621,2.43672947262544,rollout,predrnnpp,0.7347703576087952,1.2931160742044647,0.3015395700931549,0.7407127585909675,5318,2.4405602038294454,direct_next_frame,11,1.6886713526377404,1.7457726483128426,train,1,GRA29_C20_25deg_particle4,multichannel_direct,
intensity,4,,true,,1.013520214433666,next_frame,predrnnpp,0.008703072555363178,0.01125527963538675,0.008586974814534187,0.011083030948510568,32,1.013520214433666,delta_from_last_frame,0,nan,1.0155416589267334,test,1,GRA29_C20_45deg_particle1,smoke_image_only_delta,1
intensity,4,,true,,1.0002268380108774,next_frame,predrnnpp,0.007999664172530174,0.010323082163367674,0.007997849956154823,0.010321016469518064,32,1.0002268380108774,delta_from_last_frame,0,nan,1.000200144419468,test,1,GRA29_C20_45deg_particle2,smoke_image_only_delta,1
intensity,4,,true,,1.0009889194689257,next_frame,predrnnpp,0.010905969887971878,0.014066028255834483,0.010895195417106152,0.01405314280709703,32,1.0009889194689257,delta_from_last_frame,0,nan,1.000916908688279,test,1,GRA29_C20_45deg_particle3,smoke_image_only_delta,1
intensity,4,,true,,1.0003415127853243,next_frame,predrnnpp,0.011533906683325768,0.01489191561929421,0.011529969051480293,0.014900572284505424,32,1.0003415127853243,delta_from_last_frame,0,nan,0.9994190380714293,test,1,GRA29_C20_45deg_particle4,smoke_image_only_delta,1
intensity,4,,true,,1.0127518820194734,next_frame,predrnnpp,0.00882711075246334,0.011377315888945047,0.008715965785086155,0.011236594695856769,32,1.0127518820194734,delta_from_last_frame,0,nan,1.0125234732494326,train,1,GRA29_C20_25deg_particle1,smoke_image_only_delta,1
intensity,4,,true,,1.019646043357076,next_frame,predrnnpp,0.009013582020998001,0.011591162121883521,0.008839912712574005,0.011416148721548877,32,1.019646043357076,delta_from_last_frame,0,nan,1.01533033640358,train,1,GRA29_C20_25deg_particle2,smoke_image_only_delta,1
intensity,4,,true,,1.0080495498797446,next_frame,predrnnpp,0.010668499395251274,0.013789336523299651,0.010583308525383472,0.013688024706641171,32,1.0080495498797446,delta_from_last_frame,0,nan,1.0074014928252815,train,1,GRA29_C20_25deg_particle3,smoke_image_only_delta,1
intensity,4,,true,,1.0044471610844528,next_frame,predrnnpp,0.010495668277144432,0.013596532019891635,0.010449199005961418,0.013557983091075941,32,1.0044471610844528,delta_from_last_frame,0,nan,1.002843264264068,train,1,GRA29_C20_25deg_particle4,smoke_image_only_delta,1
intensity,4,1.0055006742477417,true,2.7083232402801514,1.678684683576988,rollout,predrnnpp,0.015894079580903053,0.024403996776767422,0.009468174539506435,0.012182088641701385,16,1.678684683576988,delta_from_last_frame,0,nan,2.0032686918094114,test,1,GRA29_C20_45deg_particle1,smoke_image_only_delta,
intensity,4,1.001099705696106,true,1.6336314678192139,1.3477941526648296,rollout,predrnnpp,0.010727306827902794,0.014683311394929588,0.007959158159792423,0.010336023433321588,16,1.3477941526648296,delta_from_last_frame,0,nan,1.4205957919554517,test,1,GRA29_C20_45deg_particle2,smoke_image_only_delta,
intensity,4,1.0022146701812744,true,1.9974678754806519,1.368333272635306,rollout,predrnnpp,0.015746306627988815,0.021330374287546423,0.011507654562592506,0.014851044169277511,16,1.368333272635306,delta_from_last_frame,0,nan,1.4362878491515607,test,1,GRA29_C20_45deg_particle3,smoke_image_only_delta,
intensity,4,1.0050361156463623,true,2.059271812438965,1.4072826242236114,rollout,predrnnpp,0.01812868006527424,0.022681477802079474,0.012882046401500702,0.01656942640658594,16,1.4072826242236114,delta_from_last_frame,0,nan,1.3688752552752306,test,1,GRA29_C20_45deg_particle4,smoke_image_only_delta,
intensity,4,1.008721113204956,true,2.927398681640625,1.7664938057939732,rollout,predrnnpp,0.018460465595126152,0.024156188434723475,0.010450342670083046,0.013485595817385669,16,1.7664938057939732,delta_from_last_frame,0,nan,1.7912585221916,train,1,GRA29_C20_25deg_particle1,smoke_image_only_delta,
intensity,4,1.0084506273269653,true,3.6573150157928467,2.1224323837520465,rollout,predrnnpp,0.021487750113010406,0.026088939665219447,0.010124115273356438,0.01327989646732283,16,2.1224323837520465,delta_from_last_frame,0,nan,1.9645439050985962,train,1,GRA29_C20_25deg_particle2,smoke_image_only_delta,
intensity,4,1.0002810955047607,true,2.5898807048797607,1.66774686299531,rollout,predrnnpp,0.020853810012340546,0.027037431077063554,0.012504181824624538,0.016361814236554695,16,1.66774686299531,delta_from_last_frame,0,nan,1.6524714610594933,train,1,GRA29_C20_25deg_particle3,smoke_image_only_delta,
intensity,4,0.9952564239501953,true,2.0681960582733154,1.4581450944081624,rollout,predrnnpp,0.019375983625650406,0.024408988425353856,0.013288103975355625,0.017693547118410268,16,1.4581450944081624,delta_from_last_frame,0,nan,1.3795418330763152,train,1,GRA29_C20_25deg_particle4,smoke_image_only_delta,
intensity,4,,false,,0.8388780833707219,next_frame,residual_cnn,0.008579496294260025,0.0201247766332233,0.010227345861494541,0.0214251853006726,2989,0.8387769079762447,delta_from_last_frame,11,0.8642082570831636,0.9393046711522035,test,1,GRA29_C20_45deg_particle1,image_only_delta,1
intensity,4,,false,,0.8441714435004959,next_frame,residual_cnn,0.009084963239729404,0.027555032590582222,0.0107619883492589,0.028179025914321157,2989,0.8442185518572566,delta_from_last_frame,11,0.8325961930044959,0.9778561073886586,test,1,GRA29_C20_45deg_particle2,image_only_delta,1
intensity,4,,false,,0.8223306507761873,next_frame,residual_cnn,0.010616966523230076,0.03655036135346006,0.01291082426905632,0.037369581270677875,2989,0.822340670897123,delta_from_last_frame,11,0.8197391771468862,0.9780778941223884,test,1,GRA29_C20_45deg_particle3,image_only_delta,1
intensity,4,,false,,0.8569738934808258,next_frame,residual_cnn,0.01266940776258707,0.039530099653669035,0.01478388998657465,0.04022971706140014,2989,0.8568026092096126,delta_from_last_frame,11,0.9004424148826098,0.9826094375293934,test,1,GRA29_C20_45deg_particle4,image_only_delta,1
intensity,4,,false,,0.8016194724800791,next_frame,residual_cnn,0.008002294227480888,0.01144123550374241,0.009982659481465816,0.014005393854705325,2989,0.8016825384225676,delta_from_last_frame,11,0.7881124763202345,0.8169163696812819,train,1,GRA29_C20_25deg_particle1,image_only_delta,1
intensity,4,,false,,0.8069507841739083,next_frame,residual_cnn,0.008809896185994148,0.012782620793025773,0.010917513631284237,0.01588178461046949,2989,0.8068245440275637,delta_from_last_frame,11,0.8361452508603741,0.8048604805154764,train,1,GRA29_C20_25deg_particle2,image_only_delta,1
intensity,4,,false,,0.8110781080976798,next_frame,residual_cnn,0.009905957616865635,0.014762654167266081,0.012213321402668953,0.01765184870072381,2989,0.8111725108253027,delta_from_last_frame,11,0.7905259497633853,0.8363234025827981,train,1,GRA29_C20_25deg_particle3,image_only_delta,1
intensity,4,,false,,0.8356395377150692,next_frame,residual_cnn,0.011106627061963081,0.01610103054778197,0.01329116988927126,0.018904409607165787,2989,0.8356304438370611,delta_from_last_frame,11,0.8377456091200746,0.8517076641038721,train,1,GRA29_C20_25deg_particle4,image_only_delta,1
intensity,4,0.7792609333992004,false,2.589587518661568e+21,7.785855476593466e+18,rollout,residual_cnn,2.7418010188943196e+18,inf,0.3521515429019928,0.7988000319188149,5672,7.822527839377304e+18,delta_from_last_frame,11,131971.02386350447,inf,test,1,GRA29_C20_45deg_particle1,image_only_delta,
intensity,4,0.7918651103973389,false,6940541522542592.0,47908586690959.99,rollout,residual_cnn,19075560374272.0,818352893496969.4,0.3981657922267914,0.8105121651077161,5672,48127718579857.81,delta_from_last_frame,11,156.02153582810436,1009673794826029.9,test,1,GRA29_C20_45deg_particle2,image_only_delta,
intensity,4,0.7705559134483337,false,5819482580713472.0,67001035964513.02,rollout,residual_cnn,24755631554560.0,1074826781903089.9,0.36948132514953613,0.7946133401449436,5672,67295428526067.29,delta_from_last_frame,11,307.72460130087035,1352641250280335.5,test,1,GRA29_C20_45deg_particle3,image_only_delta,
intensity,4,0.7914593815803528,false,7.341830839677747e+16,1311843690568402.5,rollout,residual_cnn,386042431537152.0,inf,0.2942747175693512,0.7258944978429002,5672,1318057693565770.8,delta_from_last_frame,11,1465.7412573678118,inf,test,1,GRA29_C20_45deg_particle4,image_only_delta,
intensity,4,0.7526466250419617,false,5.696378359764746e+17,626091954013668.0,rollout,residual_cnn,220254294769664.0,inf,0.35179224610328674,0.8120804216839295,5318,629250033353198.9,delta_from_last_frame,11,595.3103855829738,inf,train,1,GRA29_C20_25deg_particle1,image_only_delta,
intensity,4,0.7795507907867432,false,2538942805049344.0,2234432145104.304,rollout,residual_cnn,694154493952.0,29645397531952.875,0.3106625974178314,0.7920822675585077,5318,2245814180790.501,delta_from_last_frame,11,66.38903707262463,37427169810695.32,train,1,GRA29_C20_25deg_particle2,image_only_delta,
intensity,4,0.7746711373329163,false,1869833339666432.0,2423164824500.313,rollout,residual_cnn,795157069824.0,42347922774875.125,0.32814815640449524,0.7953347673277972,5318,2435322373780.322,delta_from_last_frame,11,55.03553575568426,53245406229577.58,train,1,GRA29_C20_25deg_particle3,image_only_delta,
intensity,4,0.7968370914459229,false,1398068226293760.0,1447583287251.9866,rollout,residual_cnn,436503642112.0,18507528889268.086,0.3015395700931549,0.7407127585909675,5318,1454996905540.4438,delta_from_last_frame,11,61.738378039034814,24986107873279.14,train,1,GRA29_C20_25deg_particle4,image_only_delta,
intensity,4,,false,,1.3362477119534084,next_frame,residual_cnn,0.01366626750677824,1.5140816607606276,0.010227345861494541,0.0214251853006726,2989,1.3379834654614078,direct_next_frame,11,0.9015151184397847,70.66831112602307,test,1,GRA29_C20_45deg_particle1,image_only_direct,1
intensity,4,,false,,4.70955918590792,next_frame,residual_cnn,0.05068422108888626,8.34353831733468,0.0107619883492589,0.028179025914321157,2989,4.725465534806635,direct_next_frame,11,0.8090097075971402,296.090373837029,test,1,GRA29_C20_45deg_particle2,image_only_direct,1
intensity,4,,false,,3.0827870548223273,next_frame,residual_cnn,0.03980132192373276,6.110477591920879,0.01291082426905632,0.037369581270677875,2989,3.0914740545049715,direct_next_frame,11,0.7970216425972514,163.51474606207265,test,1,GRA29_C20_45deg_particle3,image_only_direct,1
intensity,4,,false,,6.597781125093163,next_frame,residual_cnn,0.09754087030887604,10.669686446297506,0.01478388998657465,0.04022971706140014,2989,6.6203249665720225,direct_next_frame,11,0.8791035033394664,265.2190277652965,test,1,GRA29_C20_45deg_particle4,image_only_direct,1
intensity,4,,false,,0.7852362004362615,next_frame,residual_cnn,0.007838745601475239,0.011248531923559789,0.009982659481465816,0.014005393854705325,2989,0.7852504966976319,direct_next_frame,11,0.78215741396545,0.8031571293356147,train,1,GRA29_C20_25deg_particle1,image_only_direct,1
intensity,4,,false,,0.7824724073372517,next_frame,residual_cnn,0.008542653173208237,0.012333581129536291,0.010917513631284237,0.01588178461046949,2989,0.7824015053357937,direct_next_frame,11,0.7988758050689565,0.7765866010678564,train,1,GRA29_C20_25deg_particle2,image_only_direct,1
intensity,4,,false,,0.7944700736330171,next_frame,residual_cnn,0.009703118354082108,0.015623343554999124,0.012213321402668953,0.01765184870072381,2989,0.7945407028560573,direct_next_frame,11,0.7790910248233976,0.8850825666978719,train,1,GRA29_C20_25deg_particle3,image_only_direct,1
intensity,4,,false,,0.8087950033931772,next_frame,residual_cnn,0.010749831795692444,0.015597062354731458,0.01329116988927126,0.018904409607165787,2989,0.808821627958832,direct_next_frame,11,0.8027247215582807,0.825048900168738,train,1,GRA29_C20_25deg_particle4,image_only_direct,1
intensity,4,0.7737230062484741,false,nan,nan,rollout,residual_cnn,nan,nan,0.3521515429019928,0.7988000319188149,5672,nan,direct_next_frame,11,nan,nan,test,1,GRA29_C20_45deg_particle1,image_only_direct,
intensity,4,0.7722567319869995,false,nan,nan,rollout,residual_cnn,nan,nan,0.3981657922267914,0.8105121651077161,5672,nan,direct_next_frame,11,nan,nan,test,1,GRA29_C20_45deg_particle2,image_only_direct,
intensity,4,0.758330225944519,false,nan,nan,rollout,residual_cnn,nan,nan,0.36948132514953613,0.7946133401449436,5672,nan,direct_next_frame,11,nan,nan,test,1,GRA29_C20_45deg_particle3,image_only_direct,
intensity,4,0.7803418040275574,false,nan,nan,rollout,residual_cnn,nan,nan,0.2942747175693512,0.7258944978429002,5672,nan,direct_next_frame,11,nan,nan,test,1,GRA29_C20_45deg_particle4,image_only_direct,
intensity,4,0.7422733306884766,false,nan,nan,rollout,residual_cnn,nan,nan,0.35179224610328674,0.8120804216839295,5318,nan,direct_next_frame,11,1.4035348474184128,nan,train,1,GRA29_C20_25deg_particle1,image_only_direct,
intensity,4,0.7537264227867126,false,nan,nan,rollout,residual_cnn,nan,nan,0.3106625974178314,0.7920822675585077,5318,nan,direct_next_frame,11,1.3038517985862248,nan,train,1,GRA29_C20_25deg_particle2,image_only_direct,
intensity,4,0.7604016065597534,false,nan,nan,rollout,residual_cnn,nan,nan,0.32814815640449524,0.7953347673277972,5318,nan,direct_next_frame,11,1.2830888860634828,nan,train,1,GRA29_C20_25deg_particle3,image_only_direct,
intensity,4,0.7711284160614014,false,nan,nan,rollout,residual_cnn,nan,nan,0.3015395700931549,0.7407127585909675,5318,nan,direct_next_frame,11,nan,nan,train,1,GRA29_C20_25deg_particle4,image_only_direct,
intensity,4,,false,,0.8495428095668645,next_frame,residual_cnn,0.008688568137586117,0.021401763984575335,0.010227345861494541,0.0214251853006726,2989,0.8494396713605828,direct_next_frame,11,0.8753619119361336,0.9989068325072301,test,1,GRA29_C20_45deg_particle1,image_only_direct_stable256,1
intensity,4,,false,,0.8334045398087178,next_frame,residual_cnn,0.008969089947640896,0.030179011070211436,0.0107619883492589,0.028179025914321157,2989,0.8334983693209325,direct_next_frame,11,0.8103934716149478,1.0709742473700572,test,1,GRA29_C20_45deg_particle2,image_only_direct_stable256,1
intensity,4,,false,,0.8146319685675976,next_frame,residual_cnn,0.010517570190131664,0.03982944249171722,0.01291082426905632,0.037369581270677875,2989,0.8146944524624111,direct_next_frame,11,0.7982085729079053,1.0658252283648006,test,1,GRA29_C20_45deg_particle3,image_only_direct_stable256,1
intensity,4,,false,,0.8438027373049186,next_frame,residual_cnn,0.012474686838686466,0.04583906584665978,0.01478388998657465,0.04022971706140014,2989,0.843639169398246,direct_next_frame,11,0.8854011677719783,1.13943296634919,test,1,GRA29_C20_45deg_particle4,image_only_direct_stable256,1
intensity,4,,false,,0.7782280925316353,next_frame,residual_cnn,0.007768786046653986,0.011024824882686973,0.009982659481465816,0.014005393854705325,2989,0.7782396242140971,direct_next_frame,11,0.7757386332159654,0.7871842089598227,train,1,GRA29_C20_25deg_particle1,image_only_direct_stable256,1
intensity,4,,false,,0.7772129045532681,next_frame,residual_cnn,0.00848523247987032,0.012102172015792816,0.010917513631284237,0.01588178461046949,2989,0.7771140679908976,direct_next_frame,11,0.8000804450819416,0.7620158762142447,train,1,GRA29_C20_25deg_particle2,image_only_direct_stable256,1
intensity,4,,false,,0.7875407371415212,next_frame,residual_cnn,0.009618488140404224,0.014252308336679823,0.012213321402668953,0.01765184870072381,2989,0.7876025716185759,direct_next_frame,11,0.7741105312984361,0.8074116529276285,train,1,GRA29_C20_25deg_particle3,image_only_direct_stable256,1
intensity,4,,false,,0.8056203067908742,next_frame,residual_cnn,0.01070763636380434,0.015389378587663934,0.01329116988927126,0.018904409607165787,2989,0.8056247081310994,direct_next_frame,11,0.8046044839105487,0.8140629042353448,train,1,GRA29_C20_25deg_particle4,image_only_direct_stable256,1
intensity,4,0.7976282835006714,false,33.22016143798828,14.899662491504484,rollout,residual_cnn,0.16564500331878662,0.37474631629746774,0.011117366142570972,0.018831370413318,256,14.899662491504484,direct_next_frame,0,nan,19.90010859923599,test,1,GRA29_C20_45deg_particle1,image_only_direct_stable256,
intensity,4,0.7633237838745117,false,13.864496231079102,6.484414464148405,rollout,residual_cnn,0.07117191702127457,0.17077974284764338,0.010975843295454979,0.015693100774019465,256,6.484414464148405,direct_next_frame,0,nan,10.882472833563641,test,1,GRA29_C20_45deg_particle2,image_only_direct_stable256,
intensity,4,0.7540783286094666,false,5.307422161102295,2.8811789615782786,rollout,residual_cnn,0.041917216032743454,0.10301441183783311,0.014548633247613907,0.021445407668538325,256,2.8811789615782786,direct_next_frame,0,nan,4.803565100278384,test,1,GRA29_C20_45deg_particle3,image_only_direct_stable256,
intensity,4,0.784012496471405,false,7.401882648468018,4.870569602089474,rollout,residual_cnn,0.08487758040428162,0.21878615148726227,0.017426623031497,0.026278640716906197,256,4.870569602089474,direct_next_frame,0,nan,8.325626650335366,test,1,GRA29_C20_45deg_particle4,image_only_direct_stable256,
intensity,4,0.7418184280395508,false,9.224804878234863,4.7746425277508076,rollout,residual_cnn,0.09911758452653885,0.2693915627116246,0.020759163424372673,0.03216533009361865,256,4.7746425277508076,direct_next_frame,0,nan,8.375215237261619,train,1,GRA29_C20_25deg_particle1,image_only_direct_stable256,
intensity,4,0.753544807434082,false,1.5916796922683716,1.3535500803558524,rollout,residual_cnn,0.026063404977321625,0.05073563654593792,0.019255589693784714,0.03127614804894838,256,1.3535500803558524,direct_next_frame,0,nan,1.6221830279910012,train,1,GRA29_C20_25deg_particle2,image_only_direct_stable256,
intensity,4,0.7563655972480774,false,2.7624404430389404,2.2214481937766135,rollout,residual_cnn,0.03987104818224907,0.09351137209744799,0.017948223277926445,0.025720299212331404,256,2.2214481937766135,direct_next_frame,0,nan,3.6357031201493437,train,1,GRA29_C20_25deg_particle3,image_only_direct_stable256,
intensity,4,0.7704001069068909,false,3.5834431648254395,3.628555485336706,rollout,residual_cnn,0.08499059826135635,0.20437651918004116,0.023422708734869957,0.03372408657129373,256,3.628555485336706,direct_next_frame,0,nan,6.060253663149129,train,1,GRA29_C20_25deg_particle4,image_only_direct_stable256,
"intensity,voltage,current,time_norm",4,,false,,0.8435304409795757,next_frame,residual_cnn,0.00862707756459713,0.020344117778941698,0.010227345861494541,0.0214251853006726,2989,0.8432997261550735,delta_from_last_frame,11,0.9013192384845592,0.9495422090143153,test,1,GRA29_C20_45deg_particle1,multichannel_delta,1
"intensity,voltage,current,time_norm",4,,false,,0.8454536792863233,next_frame,residual_cnn,0.009098762646317482,0.028152337629651827,0.0107619883492589,0.028179025914321157,2989,0.8453869339285826,delta_from_last_frame,11,0.8617984338694309,0.9990529025115887,test,1,GRA29_C20_45deg_particle2,multichannel_delta,1
"intensity,voltage,current,time_norm",4,,false,,0.8279380666025531,next_frame,residual_cnn,0.01068936288356781,0.037578946573511754,0.01291082426905632,0.037369581270677875,2989,0.8278889515657015,delta_from_last_frame,11,0.840872600926978,1.005602559507354,test,1,GRA29_C20_45deg_particle3,multichannel_delta,1
"intensity,voltage,current,time_norm",4,,false,,0.8555506929818488,next_frame,residual_cnn,0.012648367322981358,0.03994740048270435,0.01478388998657465,0.04022971706140014,2989,0.855331526143136,delta_from_last_frame,11,0.9111887596828995,0.992982387167553,test,1,GRA29_C20_45deg_particle4,multichannel_delta,1
"intensity,voltage,current,time_norm",4,,false,,0.8085170736012496,next_frame,residual_cnn,0.00807115063071251,0.01173203244574286,0.009982659481465816,0.014005393854705325,2989,0.8084859068613145,delta_from_last_frame,11,0.815162936724253,0.8376795802712327,train,1,GRA29_C20_25deg_particle1,multichannel_delta,1
"intensity,voltage,current,time_norm",4,,false,,0.8201393360904599,next_frame,residual_cnn,0.00895388238132,0.01315871679787053,0.010917513631284237,0.01588178461046949,2989,0.8199979394162777,delta_from_last_frame,11,0.8528674577463334,0.8285414467336449,train,1,GRA29_C20_25deg_particle2,multichannel_delta,1
"intensity,voltage,current,time_norm",4,,false,,0.8200608298610778,next_frame,residual_cnn,0.010015666484832764,0.015023344320758624,0.012213321402668953,0.01765184870072381,2989,0.8201133984478486,delta_from_last_frame,11,0.8086235135834,0.8510918360716855,train,1,GRA29_C20_25deg_particle3,multichannel_delta,1
"intensity,voltage,current,time_norm",4,,false,,0.8403819978369151,next_frame,residual_cnn,0.011169659905135632,0.016117260723287452,0.01329116988927126,0.018904409607165787,2989,0.8403354055733112,delta_from_last_frame,11,0.851042132115306,0.8525662032406526,train,1,GRA29_C20_25deg_particle4,multichannel_delta,1
"intensity,voltage,current,time_norm",4,0.8211209774017334,false,14.458836555480957,1.9880864013906279,rollout,residual_cnn,0.7001076936721802,1.1769458667975716,0.3521515429019928,0.7988000319188149,5672,1.9914379728264346,delta_from_last_frame,11,1.2766181321428778,1.4733923632556754,test,1,GRA29_C20_45deg_particle1,multichannel_delta,
"intensity,voltage,current,time_norm",4,0.8744237422943115,false,6.4870500564575195,1.9470473069057883,rollout,residual_cnn,0.7752476334571838,1.186476617839119,0.3981657922267914,0.8105121651077161,5672,1.9499846456200092,delta_from_last_frame,11,1.3047664085068087,1.4638603452440937,test,1,GRA29_C20_45deg_particle2,multichannel_delta,
"intensity,voltage,current,time_norm",4,0.8254643678665161,false,4.245054721832275,1.8247901068388614,rollout,residual_cnn,0.6742258667945862,1.1732662334997608,0.36948132514953613,0.7946133401449436,5672,1.827272081147924,delta_from_last_frame,11,1.2600105320859205,1.4765247123660774,test,1,GRA29_C20_45deg_particle3,multichannel_delta,
"intensity,voltage,current,time_norm",4,0.8287690877914429,false,4.082554817199707,2.14878540798307,rollout,residual_cnn,0.6323332190513611,1.1704703495746478,0.2942747175693512,0.7258944978429002,5672,2.15274149951131,delta_from_last_frame,11,1.313386214111774,1.61245243358762,test,1,GRA29_C20_45deg_particle4,multichannel_delta,
"intensity,voltage,current,time_norm",4,0.747435450553894,false,53.11772918701172,1.9193535447458525,rollout,residual_cnn,0.6752136945724487,1.1823475134119044,0.35179224610328674,0.8120804216839295,5318,1.9231199295791401,delta_from_last_frame,11,1.1726749688146791,1.455948797485093,train,1,GRA29_C20_25deg_particle1,multichannel_delta,
"intensity,voltage,current,time_norm",4,0.7878267765045166,false,65.28587341308594,2.0865424731346294,rollout,residual_cnn,0.6482107043266296,1.1757348136983672,0.3106625974178314,0.7920822675585077,5318,2.090991307480451,delta_from_last_frame,11,1.2131843731882679,1.484359468521394,train,1,GRA29_C20_25deg_particle2,multichannel_delta,
"intensity,voltage,current,time_norm",4,0.7843326926231384,false,56.14896011352539,1.9550371566163298,rollout,residual_cnn,0.6415418386459351,1.169802702627779,0.32814815640449524,0.7953347673277972,5318,1.9588132022919669,delta_from_last_frame,11,1.2024066050816604,1.4708305869214504,train,1,GRA29_C20_25deg_particle3,multichannel_delta,
"intensity,voltage,current,time_norm",4,0.8062499761581421,false,58.37519836425781,2.12013790487418,rollout,residual_cnn,0.6393054723739624,1.168915533899103,0.3015395700931549,0.7407127585909675,5318,2.12445524090444,delta_from_last_frame,11,1.277044266892157,1.5780955847482512,train,1,GRA29_C20_25deg_particle4,multichannel_delta,
"intensity,voltage,current,time_norm",4,,false,,10.12679454746238,next_frame,residual_cnn,0.10357023030519485,23.24361734047247,0.010227345861494541,0.0214251853006726,2989,10.163507364791629,direct_next_frame,11,0.9317130403155036,1084.8735735201685,test,1,GRA29_C20_45deg_particle1,multichannel_direct,1
"intensity,voltage,current,time_norm",4,,false,,27.262644067632333,next_frame,residual_cnn,0.29340025782585144,69.63846368925725,0.0107619883492589,0.028179025914321157,2989,27.37019566071071,direct_next_frame,11,0.8903712507693979,2471.287116204594,test,1,GRA29_C20_45deg_particle2,multichannel_direct,1
"intensity,voltage,current,time_norm",4,,false,,23.381148464548378,next_frame,residual_cnn,0.3018698990345001,61.17287874336142,0.01291082426905632,0.037369581270677875,2989,23.466891216227477,direct_next_frame,11,0.8200242947287202,1636.9698739803878,test,1,GRA29_C20_45deg_particle3,multichannel_direct,1
"intensity,voltage,current,time_norm",4,,false,,22.717368268437085,next_frame,residual_cnn,0.3358510732650757,37.08719732034392,0.01478388998657465,0.04022971706140014,2989,22.80342332737238,direct_next_frame,11,0.8874371092454851,921.8856116671169,test,1,GRA29_C20_45deg_particle4,multichannel_direct,1
"intensity,voltage,current,time_norm",4,,false,,0.7831761748680985,next_frame,residual_cnn,0.007818181067705154,0.011222569004020782,0.009982659481465816,0.014005393854705325,2989,0.7831187708513783,direct_next_frame,11,0.7954535438848801,0.8013033492985554,train,1,GRA29_C20_25deg_particle1,multichannel_direct,1
"intensity,voltage,current,time_norm",4,,false,,0.7804544234290867,next_frame,residual_cnn,0.008520621806383133,0.012247482273180496,0.010917513631284237,0.01588178461046949,2989,0.7803667002500272,direct_next_frame,11,0.800766868087228,0.7711653679717321,train,1,GRA29_C20_25deg_particle2,multichannel_direct,1
"intensity,voltage,current,time_norm",4,,false,,0.7912143050067127,next_frame,residual_cnn,0.009663354605436325,0.014451261509796372,0.012213321402668953,0.01765184870072381,2989,0.7912504275129268,direct_next_frame,11,0.783348531664173,0.8186826068367445,train,1,GRA29_C20_25deg_particle3,multichannel_direct,1
"intensity,voltage,current,time_norm",4,,false,,0.8086902475845728,next_frame,residual_cnn,0.010748439468443394,0.015599747737490852,0.01329116988927126,0.018904409607165787,2989,0.8086750799703258,direct_next_frame,11,0.8121120079247434,0.8251909507704335,train,1,GRA29_C20_25deg_particle4,multichannel_direct,1
"intensity,voltage,current,time_norm",4,8.489116668701172,false,nan,nan,rollout,residual_cnn,nan,nan,0.3521515429019928,0.7988000319188149,5672,nan,direct_next_frame,11,nan,nan,test,1,GRA29_C20_45deg_particle1,multichannel_direct,
"intensity,voltage,current,time_norm",4,18.987001419067383,false,nan,nan,rollout,residual_cnn,nan,nan,0.3981657922267914,0.8105121651077161,5672,nan,direct_next_frame,11,nan,nan,test,1,GRA29_C20_45deg_particle2,multichannel_direct,
"intensity,voltage,current,time_norm",4,5.131345748901367,false,nan,nan,rollout,residual_cnn,nan,nan,0.36948132514953613,0.7946133401449436,5672,nan,direct_next_frame,11,nan,nan,test,1,GRA29_C20_45deg_particle3,multichannel_direct,
"intensity,voltage,current,time_norm",4,4.452626705169678,false,nan,nan,rollout,residual_cnn,nan,nan,0.2942747175693512,0.7258944978429002,5672,nan,direct_next_frame,11,nan,nan,test,1,GRA29_C20_45deg_particle4,multichannel_direct,
"intensity,voltage,current,time_norm",4,0.742618203163147,false,nan,nan,rollout,residual_cnn,nan,nan,0.35179224610328674,0.8120804216839295,5318,nan,direct_next_frame,11,nan,nan,train,1,GRA29_C20_25deg_particle1,multichannel_direct,
"intensity,voltage,current,time_norm",4,0.7542856931686401,false,nan,nan,rollout,residual_cnn,nan,nan,0.3106625974178314,0.7920822675585077,5318,nan,direct_next_frame,11,nan,nan,train,1,GRA29_C20_25deg_particle2,multichannel_direct,
"intensity,voltage,current,time_norm",4,0.7562674880027771,false,nan,nan,rollout,residual_cnn,nan,nan,0.32814815640449524,0.7953347673277972,5318,nan,direct_next_frame,11,nan,nan,train,1,GRA29_C20_25deg_particle3,multichannel_direct,
"intensity,voltage,current,time_norm",4,0.7680415511131287,false,nan,nan,rollout,residual_cnn,nan,nan,0.3015395700931549,0.7407127585909675,5318,nan,direct_next_frame,11,nan,nan,train,1,GRA29_C20_25deg_particle4,multichannel_direct,
"intensity,voltage,current,time_norm",4,,false,,0.8601424264326033,next_frame,residual_cnn,0.008796974085271358,0.01936414805874691,0.010227345861494541,0.0214251853006726,2989,0.8598518451853875,direct_next_frame,11,0.9328987311546355,0.9038030610703289,test,1,GRA29_C20_45deg_particle1,multichannel_direct_stable256,1
"intensity,voltage,current,time_norm",4,,false,,0.9006876927258712,next_frame,residual_cnn,0.009693190455436707,0.026105362262762652,0.0107619883492589,0.028179025914321157,2989,0.9003485927125372,direct_next_frame,11,0.9838039534574687,0.9264110953351079,test,1,GRA29_C20_45deg_particle2,multichannel_direct_stable256,1
"intensity,voltage,current,time_norm",4,,false,,0.8188704781080312,next_frame,residual_cnn,0.01057229284197092,0.03399165920865379,0.01291082426905632,0.037369581270677875,2989,0.8186785863391209,direct_next_frame,11,0.8694368973170792,0.9096077090734067,test,1,GRA29_C20_45deg_particle3,multichannel_direct_stable256,1
"intensity,voltage,current,time_norm",4,,false,,0.8350764998616298,next_frame,residual_cnn,0.012345679104328156,0.03682709451489235,0.01478388998657465,0.04022971706140014,2989,0.8346383792251263,direct_next_frame,11,0.9462574515293211,0.9154201720754194,test,1,GRA29_C20_45deg_particle4,multichannel_direct_stable256,1
"intensity,voltage,current,time_norm",4,,false,,0.7975693918693689,next_frame,residual_cnn,0.007961863651871681,0.011438305981680765,0.009982659481465816,0.014005393854705325,2989,0.797470075572749,direct_next_frame,11,0.8188018349505356,0.8167071986938726,train,1,GRA29_C20_25deg_particle1,multichannel_direct_stable256,1
"intensity,voltage,current,time_norm",4,,false,,0.7925052575834131,next_frame,residual_cnn,0.008652186952531338,0.012557600995866254,0.010917513631284237,0.01588178461046949,2989,0.7923981532594567,direct_next_frame,11,0.8172570190552015,0.790692060361284,train,1,GRA29_C20_25deg_particle2,multichannel_direct_stable256,1
"intensity,voltage,current,time_norm",4,,false,,0.8014432565494739,next_frame,residual_cnn,0.009788284078240395,0.014668065570322542,0.012213321402668953,0.01765184870072381,2989,0.8013470979075393,direct_next_frame,11,0.8223238090120861,0.8309648365454821,train,1,GRA29_C20_25deg_particle3,multichannel_direct_stable256,1
"intensity,voltage,current,time_norm",4,,false,,0.817246099422722,next_frame,residual_cnn,0.010862156748771667,0.015713066343992846,0.01329116988927126,0.018904409607165787,2989,0.8171168751761732,direct_next_frame,11,0.8468910395078716,0.8311852456919231,train,1,GRA29_C20_25deg_particle4,multichannel_direct_stable256,1
"intensity,voltage,current,time_norm",4,7.766960144042969,false,31.69706916809082,31.98206611762023,rollout,residual_cnn,0.35555633902549744,0.46779482798557076,0.011117366142570972,0.018831370413318,256,31.98206611762023,direct_next_frame,0,nan,24.84125253331191,test,1,GRA29_C20_45deg_particle1,multichannel_direct_stable256,
"intensity,voltage,current,time_norm",4,8.499801635742188,false,32.047855377197266,23.096057078941747,rollout,residual_cnn,0.25349870324134827,0.35507161099845,0.010975843295454979,0.015693100774019465,256,23.096057078941747,direct_next_frame,0,nan,22.62596895995754,test,1,GRA29_C20_45deg_particle2,multichannel_direct_stable256,
"intensity,voltage,current,time_norm",4,6.090545177459717,false,20.921369552612305,13.868384780029748,rollout,residual_cnn,0.20176604390144348,0.28794100720401977,0.014548633247613907,0.021445407668538325,256,13.868384780029748,direct_next_frame,0,nan,13.426697764596295,test,1,GRA29_C20_45deg_particle3,multichannel_direct_stable256,
"intensity,voltage,current,time_norm",4,5.203088760375977,false,11.762336730957031,10.070434884195947,rollout,residual_cnn,0.17549367249011993,0.21791834778316566,0.017426623031497,0.026278640716906197,256,10.070434884195947,direct_next_frame,0,nan,8.292603492347657,test,1,GRA29_C20_45deg_particle4,multichannel_direct_stable256,
"intensity,voltage,current,time_norm",4,0.7877913117408752,false,11.898847579956055,13.934730678562234,rollout,residual_cnn,0.28927335143089294,0.420175981154062,0.020759163424372673,0.03216533009361865,256,13.934730678562234,direct_next_frame,0,nan,13.063008522876052,train,1,GRA29_C20_25deg_particle1,multichannel_direct_stable256,
"intensity,voltage,current,time_norm",4,0.782214879989624,false,4.41597843170166,3.787982819498913,rollout,residual_cnn,0.07293984293937683,0.11065428068837412,0.019255589693784714,0.03127614804894838,256,3.787982819498913,direct_next_frame,0,nan,3.5379766240777446,train,1,GRA29_C20_25deg_particle2,multichannel_direct_stable256,
"intensity,voltage,current,time_norm",4,0.7744917869567871,false,13.007041931152344,8.392523816457222,rollout,residual_cnn,0.1506308913230896,0.2841503088797898,0.017948223277926445,0.025720299212331404,256,8.392523816457222,direct_next_frame,0,nan,11.047706192451917,train,1,GRA29_C20_25deg_particle3,multichannel_direct_stable256,
"intensity,voltage,current,time_norm",4,0.7918066382408142,false,4.279783248901367,3.3923736285356045,rollout,residual_cnn,0.0794585794210434,0.1282889221791847,0.023422708734869957,0.03372408657129373,256,3.3923736285356045,direct_next_frame,0,nan,3.8040740379425273,train,1,GRA29_C20_25deg_particle4,multichannel_direct_stable256,
intensity,4,,true,,1.0008174448390132,next_frame,residual_cnn,0.008593994192779064,0.011089562465038725,0.008586974814534187,0.011083030948510568,32,1.0008174448390132,delta_from_last_frame,0,nan,1.0005893258404224,test,1,GRA29_C20_45deg_particle1,smoke_image_only_delta,1
intensity,4,,true,,0.9988885170360237,next_frame,residual_cnn,0.007988960482180119,0.010303607475429098,0.007997849956154823,0.010321016469518064,32,0.9988885170360237,delta_from_last_frame,0,nan,0.9983132481049342,test,1,GRA29_C20_45deg_particle2,smoke_image_only_delta,1
intensity,4,,true,,0.9972958365114128,next_frame,residual_cnn,0.010865733027458191,0.014013051432987204,0.010895195417106152,0.01405314280709703,32,0.9972958365114128,delta_from_last_frame,0,nan,0.9971471595599541,test,1,GRA29_C20_45deg_particle3,smoke_image_only_delta,1
intensity,4,,true,,0.9966826895505003,next_frame,residual_cnn,0.01149172056466341,0.014848923115054773,0.011529969051480293,0.014900572284505424,32,0.9966826895505003,delta_from_last_frame,0,nan,0.9965337459216678,test,1,GRA29_C20_45deg_particle4,smoke_image_only_delta,1
intensity,4,,true,,1.00029534025944,next_frame,residual_cnn,0.008718539960682392,0.01123612264140771,0.008715965785086155,0.011236594695856769,32,1.00029534025944,delta_from_last_frame,0,nan,0.999957989545602,train,1,GRA29_C20_25deg_particle1,smoke_image_only_delta,1
intensity,4,,true,,0.9975152194782351,next_frame,residual_cnn,0.008817947469651699,0.011387655975554209,0.008839912712574005,0.011416148721548877,32,0.9975152194782351,delta_from_last_frame,0,nan,0.9975041717929894,train,1,GRA29_C20_25deg_particle2,smoke_image_only_delta,1
intensity,4,,true,,0.9972348014619481,next_frame,residual_cnn,0.01055404357612133,0.013650845528495036,0.010583308525383472,0.013688024706641171,32,0.9972348014619481,delta_from_last_frame,0,nan,0.9972838171362961,train,1,GRA29_C20_25deg_particle3,smoke_image_only_delta,1
intensity,4,,true,,0.9972584931097346,next_frame,residual_cnn,0.01042055245488882,0.01351868970425054,0.010449199005961418,0.013557983091075941,32,0.9972584931097346,delta_from_last_frame,0,nan,0.9971018265355955,train,1,GRA29_C20_25deg_particle4,smoke_image_only_delta,1
intensity,4,1.002284288406372,true,1.6452443599700928,1.2484917190247262,rollout,residual_cnn,0.011820937506854534,0.014980418644713122,0.009468174539506435,0.012182088641701385,16,1.2484917190247262,delta_from_last_frame,0,nan,1.229708556990184,test,1,GRA29_C20_45deg_particle1,smoke_image_only_delta,
intensity,4,1.0029048919677734,true,1.6243449449539185,1.3167148778486888,rollout,residual_cnn,0.010479941964149475,0.013016157378586279,0.007959158159792423,0.010336023433321588,16,1.3167148778486888,delta_from_last_frame,0,nan,1.2593002969231275,test,1,GRA29_C20_45deg_particle2,smoke_image_only_delta,
intensity,4,1.0002377033233643,true,1.3426494598388672,1.1263316135558927,rollout,residual_cnn,0.01296143513172865,0.016452001671762813,0.011507654562592506,0.014851044169277511,16,1.1263316135558927,delta_from_last_frame,0,nan,1.1078010060597097,test,1,GRA29_C20_45deg_particle3,smoke_image_only_delta,
intensity,4,0.9953209161758423,true,1.2008475065231323,1.0691024835757568,rollout,residual_cnn,0.013772227801382542,0.01769011309006382,0.012882046401500702,0.01656942640658594,16,1.0691024835757568,delta_from_last_frame,0,nan,1.0676358164717419,test,1,GRA29_C20_45deg_particle4,smoke_image_only_delta,
intensity,4,0.9991903305053711,true,1.3698927164077759,1.1276629382308303,rollout,residual_cnn,0.011784464120864868,0.01495688558313536,0.010450342670083046,0.013485595817385669,16,1.1276629382308303,delta_from_last_frame,0,nan,1.1091008351186753,train,1,GRA29_C20_25deg_particle1,smoke_image_only_delta,
intensity,4,0.9983986020088196,true,1.347732663154602,1.1066061516264936,rollout,residual_cnn,0.011203408241271973,0.014369016716836233,0.010124115273356438,0.01327989646732283,16,1.1066061516264936,delta_from_last_frame,0,nan,1.0820127063635885,train,1,GRA29_C20_25deg_particle2,smoke_image_only_delta,
intensity,4,0.9971008896827698,true,1.1818181276321411,1.0632473086517076,rollout,residual_cnn,0.013295037671923637,0.01713563285548619,0.012504181824624538,0.016361814236554695,16,1.0632473086517076,delta_from_last_frame,0,nan,1.0472941819130712,train,1,GRA29_C20_25deg_particle3,smoke_image_only_delta,
intensity,4,0.9984055161476135,true,1.1791391372680664,1.082230976704292,rollout,residual_cnn,0.014380797743797302,0.018788093902034588,0.013288103975355625,0.017693547118410268,16,1.082230976704292,delta_from_last_frame,0,nan,1.0618613541026738,train,1,GRA29_C20_25deg_particle4,smoke_image_only_delta,
intensity,4,,false,,0.9010753420584693,next_frame,simvp,0.009215609170496464,0.02082069245992826,0.010227345861494541,0.0214251853006726,2989,0.9007627997202797,delta_from_last_frame,11,0.9793763511350962,0.9717858757223741,test,1,GRA29_C20_45deg_particle1,image_only_delta,1
intensity,4,,false,,0.8422129986014569,next_frame,simvp,0.009063886478543282,0.02809996322518546,0.0107619883492589,0.028179025914321157,2989,0.8422611482834064,delta_from_last_frame,11,0.8304064507011512,0.9971942717475015,test,1,GRA29_C20_45deg_particle2,image_only_delta,1
intensity,4,,false,,0.8199035958730689,next_frame,simvp,0.010585631243884563,0.03760714999387654,0.01291082426905632,0.037369581270677875,2989,0.8198955056733417,delta_from_last_frame,11,0.8220767081571784,1.006357275493078,test,1,GRA29_C20_45deg_particle3,image_only_delta,1
intensity,4,,false,,0.8336312508421747,next_frame,simvp,0.012324312701821327,0.03927482774757884,0.01478388998657465,0.04022971706140014,2989,0.833473346465078,delta_from_last_frame,11,0.8737140354068389,0.9762640807947042,test,1,GRA29_C20_45deg_particle4,image_only_delta,1
intensity,4,,false,,0.8100802151435063,next_frame,simvp,0.008086754940450191,0.011587638844368843,0.009982659481465816,0.014005393854705325,2989,0.8100969114862641,delta_from_last_frame,11,0.8064686766427553,0.8273697237351022,train,1,GRA29_C20_25deg_particle1,image_only_delta,1
intensity,4,,false,,0.7922320244730879,next_frame,simvp,0.008649203926324844,0.012553408868375918,0.010917513631284237,0.01588178461046949,2989,0.7921453177588258,delta_from_last_frame,11,0.8123182495289796,0.79042810214795,train,1,GRA29_C20_25deg_particle2,image_only_delta,1
intensity,4,,false,,0.8031484630798613,next_frame,simvp,0.009809110313653946,0.014632466669828004,0.012213321402668953,0.01765184870072381,2989,0.8031883515292351,delta_from_last_frame,11,0.7944599107516565,0.8289481129094429,train,1,GRA29_C20_25deg_particle3,image_only_delta,1
intensity,4,,false,,0.814478303810764,next_frame,simvp,0.010825369507074356,0.015706866714703914,0.01329116988927126,0.018904409607165787,2989,0.8144815356546348,delta_from_last_frame,11,0.813684662831961,0.8308572994921866,train,1,GRA29_C20_25deg_particle4,image_only_delta,1
intensity,4,0.8119403123855591,false,nan,nan,rollout,simvp,nan,nan,0.3521515429019928,0.7988000319188149,5672,nan,delta_from_last_frame,11,nan,nan,test,1,GRA29_C20_45deg_particle1,image_only_delta,
intensity,4,0.8055506348609924,false,nan,nan,rollout,simvp,nan,nan,0.3981657922267914,0.8105121651077161,5672,nan,delta_from_last_frame,11,nan,nan,test,1,GRA29_C20_45deg_particle2,image_only_delta,
intensity,4,0.7809682488441467,false,nan,nan,rollout,simvp,nan,nan,0.36948132514953613,0.7946133401449436,5672,nan,delta_from_last_frame,11,nan,nan,test,1,GRA29_C20_45deg_particle3,image_only_delta,
intensity,4,0.7769467830657959,false,nan,nan,rollout,simvp,nan,nan,0.2942747175693512,0.7258944978429002,5672,nan,delta_from_last_frame,11,nan,nan,test,1,GRA29_C20_45deg_particle4,image_only_delta,
intensity,4,0.7700632214546204,false,nan,nan,rollout,simvp,nan,nan,0.35179224610328674,0.8120804216839295,5318,nan,delta_from_last_frame,11,nan,nan,train,1,GRA29_C20_25deg_particle1,image_only_delta,
intensity,4,0.7669656872749329,false,nan,nan,rollout,simvp,nan,nan,0.3106625974178314,0.7920822675585077,5318,nan,delta_from_last_frame,11,nan,nan,train,1,GRA29_C20_25deg_particle2,image_only_delta,
intensity,4,0.7681436538696289,false,nan,nan,rollout,simvp,nan,nan,0.32814815640449524,0.7953347673277972,5318,nan,delta_from_last_frame,11,nan,nan,train,1,GRA29_C20_25deg_particle3,image_only_delta,
intensity,4,0.7787163853645325,false,nan,nan,rollout,simvp,nan,nan,0.3015395700931549,0.7407127585909675,5318,nan,delta_from_last_frame,11,nan,nan,train,1,GRA29_C20_25deg_particle4,image_only_delta,
intensity,4,,false,,0.9291881849968251,next_frame,simvp,0.009503128938376904,0.02111503406989276,0.010227345861494541,0.0214251853006726,2989,0.9287169714352497,delta_from_last_frame,11,1.0472164727905697,0.985523988407694,test,1,GRA29_C20_45deg_particle1,image_only_delta_stable256,1
intensity,4,,false,,0.8382936857351464,next_frame,simvp,0.009021706879138947,0.02794215100971867,0.0107619883492589,0.028179025914321157,2989,0.8383339612723244,delta_from_last_frame,11,0.8284011529778347,0.9915939285721689,test,1,GRA29_C20_45deg_particle2,image_only_delta_stable256,1
intensity,4,,false,,0.8155650350590627,next_frame,simvp,0.010529616847634315,0.037518793229882524,0.01291082426905632,0.037369581270677875,2989,0.815547984158117,delta_from_last_frame,11,0.8201240614297393,1.0039928721203448,test,1,GRA29_C20_45deg_particle3,image_only_delta_stable256,1
intensity,4,,false,,0.8321575907291893,next_frame,simvp,0.012302526272833347,0.039994313657296617,0.01478388998657465,0.04022971706140014,2989,0.8319984196537605,delta_from_last_frame,11,0.8725874081773217,0.99414851951993,test,1,GRA29_C20_45deg_particle4,image_only_delta_stable256,1
intensity,4,,false,,0.7871908970398642,next_frame,simvp,0.007858258672058582,0.011173297781686522,0.009982659481465816,0.014005393854705325,2989,0.7871865785412615,delta_from_last_frame,11,0.7881108577569023,0.7977853316800999,train,1,GRA29_C20_25deg_particle1,image_only_delta_stable256,1
intensity,4,,false,,0.7783005480614311,next_frame,simvp,0.008497106842696667,0.012113685739510261,0.010917513631284237,0.01588178461046949,2989,0.7782012094277766,delta_from_last_frame,11,0.8013430445329196,0.7627408403161917,train,1,GRA29_C20_25deg_particle2,image_only_delta_stable256,1
intensity,4,,false,,0.7873727481429323,next_frame,simvp,0.009616436436772346,0.014210379157643881,0.012213321402668953,0.01765184870072381,2989,0.787418400461672,delta_from_last_frame,11,0.7774730513292459,0.8050363108460808,train,1,GRA29_C20_25deg_particle3,image_only_delta_stable256,1
intensity,4,,false,,0.8061767388150402,next_frame,simvp,0.010715031996369362,0.015347974966364532,0.01329116988927126,0.018904409607165787,2989,0.8061668655699175,delta_from_last_frame,11,0.8084659049267221,0.8118727474327908,train,1,GRA29_C20_25deg_particle4,image_only_delta_stable256,1
intensity,4,0.8322063684463501,false,2548601344.0,120104830.39566544,rollout,simvp,1335249.375,7358452.885045878,0.011117366142570972,0.018831370413318,256,120104830.39566544,delta_from_last_frame,0,nan,390755039.25310725,test,1,GRA29_C20_45deg_particle1,image_only_delta_stable256,
intensity,4,0.7980089783668518,false,61835.78515625,2873.437758575952,rollout,simvp,31.538402557373047,179.12326630354303,0.010975843295454979,0.015693100774019465,256,2873.437758575952,delta_from_last_frame,0,nan,11414.141085494623,test,1,GRA29_C20_45deg_particle2,image_only_delta_stable256,
intensity,4,0.764083206653595,false,5.434421539306641,3.354801044408352,rollout,simvp,0.048807770013809204,0.07774918585244461,0.014548633247613907,0.021445407668538325,256,3.354801044408352,delta_from_last_frame,0,nan,3.6254468580938775,test,1,GRA29_C20_45deg_particle3,image_only_delta_stable256,
intensity,4,0.7741785049438477,false,3.8153395652770996,2.287739421134185,rollout,simvp,0.039867572486400604,0.0652447549476702,0.017426623031497,0.026278640716906197,256,2.287739421134185,delta_from_last_frame,0,nan,2.482805547308822,test,1,GRA29_C20_45deg_particle4,image_only_delta_stable256,
intensity,4,0.7504171133041382,false,370527.8125,23501.637259644267,rollout,simvp,487.87432861328125,3207.8034540788185,0.020759163424372673,0.03216533009361865,256,23501.637259644267,delta_from_last_frame,0,nan,99728.6035847405,train,1,GRA29_C20_25deg_particle1,image_only_delta_stable256,
intensity,4,0.7583333849906921,false,2.2528672218322754,1.9846711562246622,rollout,simvp,0.038216013461351395,0.06467244013838697,0.019255589693784714,0.03127614804894838,256,1.9846711562246622,delta_from_last_frame,0,nan,2.0677878886227328,train,1,GRA29_C20_25deg_particle2,image_only_delta_stable256,
intensity,4,0.758017897605896,false,2.649225950241089,2.283197204946222,rollout,simvp,0.040979333221912384,0.07018407378237174,0.017948223277926445,0.025720299212331404,256,2.283197204946222,delta_from_last_frame,0,nan,2.7287425081245753,train,1,GRA29_C20_25deg_particle3,image_only_delta_stable256,
intensity,4,0.7738744020462036,false,1.8801071643829346,1.8143650589730982,rollout,simvp,0.04249734431505203,0.06994679169532503,0.023422708734869957,0.03372408657129373,256,1.8143650589730982,delta_from_last_frame,0,nan,2.074090029019924,train,1,GRA29_C20_25deg_particle4,image_only_delta_stable256,
intensity,4,,false,,1.7073066965447161,next_frame,simvp,0.01746121607720852,0.04414155904237391,0.010227345861494541,0.0214251853006726,2989,1.7049392195068898,direct_next_frame,11,2.3002776743197266,2.0602649836119817,test,1,GRA29_C20_45deg_particle1,image_only_direct,1
intensity,4,,false,,2.265055626290879,next_frame,simvp,0.024376502260565758,0.6896454972274965,0.0107619883492589,0.028179025914321157,2989,2.2704350855370645,direct_next_frame,11,0.9458797729136454,24.4737167042032,test,1,GRA29_C20_45deg_particle2,image_only_direct,1
intensity,4,,false,,1.8828639796082953,next_frame,simvp,0.024309325963258743,1.0349537777369586,0.01291082426905632,0.037369581270677875,2989,1.8867624383433188,direct_next_frame,11,0.8571978006891867,27.69508628530011,test,1,GRA29_C20_45deg_particle3,image_only_direct,1
intensity,4,,false,,2.407039500428403,next_frame,simvp,0.03558540716767311,1.6574277469082366,0.01478388998657465,0.04022971706140014,2989,2.41274182511087,direct_next_frame,11,0.9605609875304467,41.199090323668116,test,1,GRA29_C20_45deg_particle4,image_only_direct,1
intensity,4,,false,,0.8028864987579298,next_frame,simvp,0.008014942519366741,0.011540319867787944,0.009982659481465816,0.014005393854705325,2989,0.8028772275517184,direct_next_frame,11,0.8048263498579086,0.8239910985374251,train,1,GRA29_C20_25deg_particle1,image_only_direct,1
intensity,4,,false,,0.7770945006952814,next_frame,simvp,0.008483939804136753,0.012115141602066722,0.010917513631284237,0.01588178461046949,2989,0.7769592254526989,direct_next_frame,11,0.8084011514511386,0.7628325090166664,train,1,GRA29_C20_25deg_particle2,image_only_direct,1
intensity,4,,false,,0.7874752343953624,next_frame,simvp,0.00961768813431263,0.014292808325487011,0.012213321402668953,0.01765184870072381,2989,0.7875160958950898,direct_next_frame,11,0.7785713609716023,0.8097060295390441,train,1,GRA29_C20_25deg_particle3,image_only_direct,1
intensity,4,,false,,0.7974622467423221,next_frame,simvp,0.010599206201732159,0.015253655523786798,0.01329116988927126,0.018904409607165787,2989,0.7974567963908527,direct_next_frame,11,0.7987131748857508,0.8068834647978027,train,1,GRA29_C20_25deg_particle4,image_only_direct,1
intensity,4,1.31292724609375,false,nan,nan,rollout,simvp,nan,nan,0.3521515429019928,0.7988000319188149,5672,nan,direct_next_frame,11,nan,nan,test,1,GRA29_C20_45deg_particle1,image_only_direct,
intensity,4,1.4280153512954712,false,nan,nan,rollout,simvp,nan,nan,0.3981657922267914,0.8105121651077161,5672,nan,direct_next_frame,11,nan,nan,test,1,GRA29_C20_45deg_particle2,image_only_direct,
intensity,4,0.7624115943908691,false,nan,nan,rollout,simvp,nan,nan,0.36948132514953613,0.7946133401449436,5672,nan,direct_next_frame,11,nan,nan,test,1,GRA29_C20_45deg_particle3,image_only_direct,
intensity,4,0.7665077447891235,false,nan,nan,rollout,simvp,nan,nan,0.2942747175693512,0.7258944978429002,5672,nan,direct_next_frame,11,nan,nan,test,1,GRA29_C20_45deg_particle4,image_only_direct,
intensity,4,0.7606745362281799,false,nan,nan,rollout,simvp,nan,nan,0.35179224610328674,0.8120804216839295,5318,nan,direct_next_frame,11,nan,nan,train,1,GRA29_C20_25deg_particle1,image_only_direct,
intensity,4,0.7546746134757996,false,nan,nan,rollout,simvp,nan,nan,0.3106625974178314,0.7920822675585077,5318,nan,direct_next_frame,11,nan,nan,train,1,GRA29_C20_25deg_particle2,image_only_direct,
intensity,4,0.7550832033157349,false,nan,nan,rollout,simvp,nan,nan,0.32814815640449524,0.7953347673277972,5318,nan,direct_next_frame,11,nan,nan,train,1,GRA29_C20_25deg_particle3,image_only_direct,
intensity,4,0.7592037916183472,false,nan,nan,rollout,simvp,nan,nan,0.3015395700931549,0.7407127585909675,5318,nan,direct_next_frame,11,nan,nan,train,1,GRA29_C20_25deg_particle4,image_only_direct,
"intensity,voltage,current,time_norm",4,,false,,0.9935908742762506,next_frame,simvp,0.010161797516047955,0.02119871581491247,0.010227345861494541,0.0214251853006726,2989,0.9931585679904311,delta_from_last_frame,11,1.1018672321801297,0.989429753694918,test,1,GRA29_C20_45deg_particle1,multichannel_delta,1
"intensity,voltage,current,time_norm",4,,false,,0.8569268208297676,next_frame,simvp,0.009222236461937428,0.027164619669248262,0.0107619883492589,0.028179025914321157,2989,0.8564144487376695,delta_from_last_frame,11,0.9825294031299956,0.9640013729304477,test,1,GRA29_C20_45deg_particle2,multichannel_delta,1
"intensity,voltage,current,time_norm",4,,false,,0.8643793084444429,next_frame,simvp,0.011159849353134632,0.036155205630865384,0.01291082426905632,0.037369581270677875,2989,0.8639936092256164,delta_from_last_frame,11,0.9659372868473604,0.9675036326734184,test,1,GRA29_C20_45deg_particle3,multichannel_delta,1
"intensity,voltage,current,time_norm",4,,false,,0.8584721219452011,next_frame,simvp,0.01269155740737915,0.03894641136696785,0.01478388998657465,0.04022971706140014,2989,0.8580752038129948,delta_from_last_frame,11,0.9591386875707562,0.9681005538151397,test,1,GRA29_C20_45deg_particle4,multichannel_delta,1
"intensity,voltage,current,time_norm",4,,false,,0.9590402805388925,next_frame,simvp,0.009573772549629211,0.013635471426783511,0.009982659481465816,0.014005393854705325,2989,0.9586129353837821,delta_from_last_frame,11,1.0505144787479324,0.9735871456554909,train,1,GRA29_C20_25deg_particle1,multichannel_delta,1
"intensity,voltage,current,time_norm",4,,false,,0.8418247297035272,next_frame,simvp,0.009190632961690426,0.014028704141244762,0.010917513631284237,0.01588178461046949,2989,0.8413693679974618,delta_from_last_frame,11,0.9472361129332013,0.8833203878106273,train,1,GRA29_C20_25deg_particle2,multichannel_delta,1
"intensity,voltage,current,time_norm",4,,false,,0.8666866606364487,next_frame,simvp,0.010585122741758823,0.015949575443212575,0.012213321402668953,0.01765184870072381,2989,0.8662481587654595,delta_from_last_frame,11,0.9620023818689765,0.9035640240083502,train,1,GRA29_C20_25deg_particle3,multichannel_delta,1
"intensity,voltage,current,time_norm",4,,false,,0.8464961634498925,next_frame,simvp,0.011250924319028854,0.01661560047103276,0.01329116988927126,0.018904409607165787,2989,0.8461192129321238,delta_from_last_frame,11,0.9328226105787758,0.8789272353014692,train,1,GRA29_C20_25deg_particle4,multichannel_delta,1
"intensity,voltage,current,time_norm",4,1.0761542320251465,false,720467072.0,8007270.75270765,rollout,simvp,2819772.75,26987183.501905195,0.3521515429019928,0.7988000319188149,5672,8044982.590608112,delta_from_last_frame,11,829.4291931585897,33784655.01194172,test,1,GRA29_C20_45deg_particle1,multichannel_delta,
"intensity,voltage,current,time_norm",4,1.0965162515640259,false,113047248.0,2126968.5682029207,rollout,simvp,846886.125,15342299.4501909,0.3981657922267914,0.8105121651077161,5672,2136696.4104035157,delta_from_last_frame,11,204.70783033143826,18929141.486916397,test,1,GRA29_C20_45deg_particle2,multichannel_delta,
"intensity,voltage,current,time_norm",4,0.9213783740997314,false,21676452.0,768837.825930799,rollout,simvp,284071.21875,2429834.4076055884,0.36948132514953613,0.7946133401449436,5672,772214.7696822276,delta_from_last_frame,11,281.6989361051313,3057882.727166861,test,1,GRA29_C20_45deg_particle3,multichannel_delta,
"intensity,voltage,current,time_norm",4,0.8497117757797241,false,12015025.0,639923.4117202765,rollout,simvp,188313.28125,1938500.49535614,0.2942747175693512,0.7258944978429002,5672,642954.0459181974,delta_from_last_frame,11,116.91259671097457,2670498.951454616,test,1,GRA29_C20_45deg_particle4,multichannel_delta,
"intensity,voltage,current,time_norm",4,0.9344211220741272,false,294974912.0,900623.2648941829,rollout,simvp,316832.28125,3844798.3332830346,0.35179224610328674,0.8120804216839295,5318,905165.5529539715,delta_from_last_frame,11,105.5367078057381,4734504.404515089,train,1,GRA29_C20_25deg_particle1,multichannel_delta,
"intensity,voltage,current,time_norm",4,0.8287472128868103,false,88874344.0,242419.67713032875,rollout,simvp,75310.7265625,746719.0448676129,0.3106625974178314,0.7920822675585077,5318,243654.3323102142,delta_from_last_frame,11,42.27423025488948,942729.1525781518,train,1,GRA29_C20_25deg_particle2,multichannel_delta,
"intensity,voltage,current,time_norm",4,0.8694568872451782,false,1905081984.0,4828420.392058905,rollout,simvp,1584437.25,25795447.72239815,0.32814815640449524,0.7953347673277972,5318,4852645.705519088,delta_from_last_frame,11,87.11514111138239,32433446.62156151,train,1,GRA29_C20_25deg_particle3,multichannel_delta,
"intensity,voltage,current,time_norm",4,0.8062229156494141,false,112068856.0,414583.64804784826,rollout,simvp,125013.375,1741189.9045698605,0.3015395700931549,0.7407127585909675,5318,416706.65627811407,delta_from_last_frame,11,46.62093697000562,2350695.1708001713,train,1,GRA29_C20_25deg_particle4,multichannel_delta,
"intensity,voltage,current,time_norm",4,,false,,1.127725565356154,next_frame,simvp,0.011533639393746853,0.02865371349619195,0.010227345861494541,0.0214251853006726,2989,1.1266927434054912,delta_from_last_frame,11,1.3864546114322696,1.3373846290744764,test,1,GRA29_C20_45deg_particle1,multichannel_delta_stable256_rerun,1
"intensity,voltage,current,time_norm",4,,false,,0.8689080278587078,next_frame,simvp,0.00935117807239294,0.027392588579716447,0.0107619883492589,0.028179025914321157,2989,0.8686452343239763,delta_from_last_frame,11,0.933314339421619,0.9720913938971529,test,1,GRA29_C20_45deg_particle2,multichannel_delta_stable256_rerun,1
"intensity,voltage,current,time_norm",4,,false,,0.8191394695998497,next_frame,simvp,0.010575765743851662,0.038511180976756265,0.01291082426905632,0.037369581270677875,2989,0.8189803632880802,delta_from_last_frame,11,0.8610606863096681,1.030548902804382,test,1,GRA29_C20_45deg_particle3,multichannel_delta_stable256_rerun,1
"intensity,voltage,current,time_norm",4,,false,,0.8301184175638262,next_frame,simvp,0.012272379361093044,0.040001138893506406,0.01478388998657465,0.04022971706140014,2989,0.8298237422447722,delta_from_last_frame,11,0.9049029786350862,0.9943181760998998,test,1,GRA29_C20_45deg_particle4,multichannel_delta_stable256_rerun,1
"intensity,voltage,current,time_norm",4,,false,,0.7915963346266686,next_frame,simvp,0.0079022366553545,0.011228864493020704,0.009982659481465816,0.014005393854705325,2989,0.7914429328857023,delta_from_last_frame,11,0.8243767556354145,0.8017528539012272,train,1,GRA29_C20_25deg_particle1,multichannel_delta_stable256_rerun,1
"intensity,voltage,current,time_norm",4,,false,,0.7761906049609681,next_frame,simvp,0.008474071510136127,0.012043231868823674,0.010917513631284237,0.01588178461046949,2989,0.7758163441164573,delta_from_last_frame,11,0.8628431715055404,0.7583046971235594,train,1,GRA29_C20_25deg_particle2,multichannel_delta_stable256_rerun,1
"intensity,voltage,current,time_norm",4,,false,,0.78724555538322,next_frame,simvp,0.009614882990717888,0.014192398028069281,0.012213321402668953,0.01765184870072381,2989,0.7871406553974475,delta_from_last_frame,11,0.8100193584096125,0.8040176566597993,train,1,GRA29_C20_25deg_particle3,multichannel_delta_stable256_rerun,1
"intensity,voltage,current,time_norm",4,,false,,0.8015051202467052,next_frame,simvp,0.010652940720319748,0.01521975866062866,0.01329116988927126,0.018904409607165787,2989,0.8013372328654549,delta_from_last_frame,11,0.8399456592407661,0.8050903983195303,train,1,GRA29_C20_25deg_particle4,multichannel_delta_stable256_rerun,1
"intensity,voltage,current,time_norm",4,1.180105447769165,false,nan,nan,rollout,simvp,nan,nan,0.011117366142570972,0.018831370413318,256,nan,delta_from_last_frame,0,nan,nan,test,1,GRA29_C20_45deg_particle1,multichannel_delta_stable256_rerun,
"intensity,voltage,current,time_norm",4,1.2364211082458496,false,nan,nan,rollout,simvp,nan,nan,0.010975843295454979,0.015693100774019465,256,nan,delta_from_last_frame,0,nan,nan,test,1,GRA29_C20_45deg_particle2,multichannel_delta_stable256_rerun,
"intensity,voltage,current,time_norm",4,1.0782465934753418,false,31771.63671875,318.5327931880445,rollout,simvp,4.634216785430908,209.06034191711254,0.014548633247613907,0.021445407668538325,256,318.5327931880445,delta_from_last_frame,0,nan,9748.489986684486,test,1,GRA29_C20_45deg_particle3,multichannel_delta_stable256_rerun,
"intensity,voltage,current,time_norm",4,1.0277955532073975,false,5.550159931182861,3.2253379090102694,rollout,simvp,0.05620674788951874,0.09710819955668352,0.017426623031497,0.026278640716906197,256,3.2253379090102694,delta_from_last_frame,0,nan,3.695328103261048,test,1,GRA29_C20_45deg_particle4,multichannel_delta_stable256_rerun,
"intensity,voltage,current,time_norm",4,0.7579618692398071,false,nan,nan,rollout,simvp,nan,nan,0.020759163424372673,0.03216533009361865,256,nan,delta_from_last_frame,0,nan,nan,train,1,GRA29_C20_25deg_particle1,multichannel_delta_stable256_rerun,
"intensity,voltage,current,time_norm",4,0.7540885806083679,false,2.407811164855957,2.0051307023200176,rollout,simvp,0.03860997408628464,0.07555551150660238,0.019255589693784714,0.03127614804894838,256,2.0051307023200176,delta_from_last_frame,0,nan,2.4157550152389318,train,1,GRA29_C20_25deg_particle2,multichannel_delta_stable256_rerun,
"intensity,voltage,current,time_norm",4,0.756431519985199,false,2517134840168448.0,35055927070274.914,rollout,simvp,629191606272.0,24762661414835.844,0.017948223277926445,0.025720299212331404,256,35055927070274.914,delta_from_last_frame,0,nan,962767237286398.8,train,1,GRA29_C20_25deg_particle3,multichannel_delta_stable256_rerun,
"intensity,voltage,current,time_norm",4,0.7624644637107849,false,3.696307897567749,2.3223423735927504,rollout,simvp,0.05439554899930954,0.11734681426414427,0.023422708734869957,0.03372408657129373,256,2.3223423735927504,delta_from_last_frame,0,nan,3.4796143111561997,train,1,GRA29_C20_25deg_particle4,multichannel_delta_stable256_rerun,
"intensity,voltage,current,time_norm",4,,false,,3.1187143429662663,next_frame,simvp,0.03189617022871971,0.14432722589324867,0.010227345861494541,0.0214251853006726,2989,3.1079237584681008,direct_next_frame,11,5.821254041440911,6.736335012641305,test,1,GRA29_C20_45deg_particle1,multichannel_direct,1
"intensity,voltage,current,time_norm",4,,false,,3.445163759172287,next_frame,simvp,0.037076812237501144,0.18368621283434225,0.0107619883492589,0.028179025914321157,2989,3.421232210222893,direct_next_frame,11,9.313134789927311,6.518543735075993,test,1,GRA29_C20_45deg_particle2,multichannel_direct,1
"intensity,voltage,current,time_norm",4,,false,,0.9500433964283932,next_frame,simvp,0.012265843339264393,0.09677107181492312,0.01291082426905632,0.037369581270677875,2989,0.9503195639694627,direct_next_frame,11,0.8774637851416502,2.589567999544452,test,1,GRA29_C20_45deg_particle3,multichannel_direct,1
"intensity,voltage,current,time_norm",4,,false,,1.012343139738294,next_frame,simvp,0.014966369606554508,0.1384262878772976,0.01478388998657465,0.04022971706140014,2989,1.0127736462771757,direct_next_frame,11,0.9031904770084744,3.440896381797219,test,1,GRA29_C20_45deg_particle4,multichannel_direct,1
"intensity,voltage,current,time_norm",4,,false,,0.8089911938828221,next_frame,simvp,0.008075883612036705,0.011647503934683156,0.009982659481465816,0.014005393854705325,2989,0.8090035463393793,direct_next_frame,11,0.8063618514628245,0.8316441547818378,train,1,GRA29_C20_25deg_particle1,multichannel_direct,1
"intensity,voltage,current,time_norm",4,,false,,0.7787916510948817,next_frame,simvp,0.008502468466758728,0.012137148620370382,0.010917513631284237,0.01588178461046949,2989,0.7786712000646685,direct_next_frame,11,0.8066569868829865,0.7642181856798012,train,1,GRA29_C20_25deg_particle2,multichannel_direct,1
"intensity,voltage,current,time_norm",4,,false,,0.7868464385340989,next_frame,simvp,0.00961000844836235,0.01423303219649563,0.012213321402668953,0.01765184870072381,2989,0.786888937007282,direct_next_frame,11,0.7775932743493593,0.8063196347197338,train,1,GRA29_C20_25deg_particle3,multichannel_direct,1
"intensity,voltage,current,time_norm",4,,false,,0.8048469356473507,next_frame,simvp,0.01069735735654831,0.01537838889520625,0.01329116988927126,0.018904409607165787,2989,0.8048536834030546,direct_next_frame,11,0.8033861019104968,0.8134815746574288,train,1,GRA29_C20_25deg_particle4,multichannel_direct,1
"intensity,voltage,current,time_norm",4,3.1075680255889893,false,nan,nan,rollout,simvp,nan,nan,0.3521515429019928,0.7988000319188149,5672,nan,direct_next_frame,11,nan,nan,test,1,GRA29_C20_45deg_particle1,multichannel_direct,
"intensity,voltage,current,time_norm",4,24.4730281829834,false,nan,nan,rollout,simvp,nan,nan,0.3981657922267914,0.8105121651077161,5672,nan,direct_next_frame,11,nan,nan,test,1,GRA29_C20_45deg_particle2,multichannel_direct,
"intensity,voltage,current,time_norm",4,1.7323538064956665,false,nan,nan,rollout,simvp,nan,nan,0.36948132514953613,0.7946133401449436,5672,nan,direct_next_frame,11,nan,nan,test,1,GRA29_C20_45deg_particle3,multichannel_direct,
"intensity,voltage,current,time_norm",4,1.5617409944534302,false,nan,nan,rollout,simvp,nan,nan,0.2942747175693512,0.7258944978429002,5672,nan,direct_next_frame,11,nan,nan,test,1,GRA29_C20_45deg_particle4,multichannel_direct,
"intensity,voltage,current,time_norm",4,0.7610271573066711,false,nan,nan,rollout,simvp,nan,nan,0.35179224610328674,0.8120804216839295,5318,nan,direct_next_frame,11,nan,nan,train,1,GRA29_C20_25deg_particle1,multichannel_direct,
"intensity,voltage,current,time_norm",4,0.7551959753036499,false,nan,nan,rollout,simvp,nan,nan,0.3106625974178314,0.7920822675585077,5318,nan,direct_next_frame,11,nan,nan,train,1,GRA29_C20_25deg_particle2,multichannel_direct,
"intensity,voltage,current,time_norm",4,0.7575850486755371,false,nan,nan,rollout,simvp,nan,nan,0.32814815640449524,0.7953347673277972,5318,nan,direct_next_frame,11,nan,nan,train,1,GRA29_C20_25deg_particle3,multichannel_direct,
"intensity,voltage,current,time_norm",4,0.776831865310669,false,nan,nan,rollout,simvp,nan,nan,0.3015395700931549,0.7407127585909675,5318,nan,direct_next_frame,11,nan,nan,train,1,GRA29_C20_25deg_particle4,multichannel_direct,
intensity,4,,true,,1.0279212129376019,next_frame,simvp,0.008826733566820621,0.011407811831766684,0.008586974814534187,0.011083030948510568,32,1.0279212129376019,delta_from_last_frame,0,nan,1.0293043378444922,test,1,GRA29_C20_45deg_particle1,smoke_image_only_delta,1
intensity,4,,true,,1.029098845245473,next_frame,simvp,0.008230578154325485,0.010661924289408705,0.007997849956154823,0.010321016469518064,32,1.029098845245473,delta_from_last_frame,0,nan,1.0330304501400103,test,1,GRA29_C20_45deg_particle2,smoke_image_only_delta,1
intensity,4,,true,,1.0163513205438552,next_frame,simvp,0.011073346249759197,0.0143107583675399,0.010895195417106152,0.01405314280709703,32,1.0163513205438552,delta_from_last_frame,0,nan,1.018331526547412,test,1,GRA29_C20_45deg_particle3,smoke_image_only_delta,1
intensity,4,,true,,1.015626875473033,next_frame,simvp,0.011710146442055702,0.01514060408964278,0.011529969051480293,0.014900572284505424,32,1.015626875473033,delta_from_last_frame,0,nan,1.0161088984070066,test,1,GRA29_C20_45deg_particle4,smoke_image_only_delta,1
intensity,4,,true,,1.027039234201086,next_frame,simvp,0.008951638825237751,0.011554925185645068,0.008715965785086155,0.011236594695856769,32,1.027039234201086,delta_from_last_frame,0,nan,1.0283298008342043,train,1,GRA29_C20_25deg_particle1,smoke_image_only_delta,1
intensity,4,,true,,1.0226118714880152,next_frame,simvp,0.009039799682796001,0.01172728029363154,0.008839912712574005,0.011416148721548877,32,1.0226118714880152,delta_from_last_frame,0,nan,1.0272536369025553,train,1,GRA29_C20_25deg_particle2,smoke_image_only_delta,1
intensity,4,,true,,1.0176593253929318,next_frame,simvp,0.010770202614367008,0.0139541266197379,0.010583308525383472,0.013688024706641171,32,1.0176593253929318,delta_from_last_frame,0,nan,1.0194404904140495,train,1,GRA29_C20_25deg_particle3,smoke_image_only_delta,1
intensity,4,,true,,1.017572774846338,next_frame,simvp,0.010632820427417755,0.013819348313357939,0.010449199005961418,0.013557983091075941,32,1.017572774846338,delta_from_last_frame,0,nan,1.0192775887479926,train,1,GRA29_C20_25deg_particle4,smoke_image_only_delta,1
intensity,4,1.0276213884353638,true,2.263890027999878,1.564340583541331,rollout,simvp,0.014811449684202671,0.028962418677518267,0.009468174539506435,0.012182088641701385,16,1.564340583541331,delta_from_last_frame,0,nan,2.3774591968059506,test,1,GRA29_C20_45deg_particle1,smoke_image_only_delta,
intensity,4,1.0354400873184204,true,2.2203540802001953,1.6979327717581896,rollout,simvp,0.01351411547511816,0.028049296494379844,0.007959158159792423,0.010336023433321588,16,1.6979327717581896,delta_from_last_frame,0,nan,2.713741573374695,test,1,GRA29_C20_45deg_particle2,smoke_image_only_delta,
intensity,4,1.0122336149215698,true,1.9879555702209473,1.439941406170966,rollout,simvp,0.016570348292589188,0.030314682735676838,0.011507654562592506,0.014851044169277511,16,1.439941406170966,delta_from_last_frame,0,nan,2.0412492475370247,test,1,GRA29_C20_45deg_particle3,smoke_image_only_delta,
intensity,4,1.0129444599151611,true,1.7986717224121094,1.3673387029142297,rollout,simvp,0.017614120617508888,0.031223490766275477,0.012882046401500702,0.01656942640658594,16,1.3673387029142297,delta_from_last_frame,0,nan,1.8844038411531798,test,1,GRA29_C20_45deg_particle4,smoke_image_only_delta,
intensity,4,1.0190885066986084,true,2.0705153942108154,1.4835852871899666,rollout,simvp,0.015503974631428719,0.029295399747898448,0.010450342670083046,0.013485595817385669,16,1.4835852871899666,delta_from_last_frame,0,nan,2.172347454617521,train,1,GRA29_C20_25deg_particle1,smoke_image_only_delta,
intensity,4,1.015270471572876,true,2.0391104221343994,1.4819417100263959,rollout,simvp,0.01500334870070219,0.029030344453763856,0.010124115273356438,0.01327989646732283,16,1.4819417100263959,delta_from_last_frame,0,nan,2.186036956326983,train,1,GRA29_C20_25deg_particle2,smoke_image_only_delta,
intensity,4,1.0109870433807373,true,1.7656084299087524,1.3649132301370828,rollout,simvp,0.01706712320446968,0.030741799619001746,0.012504181824624538,0.016361814236554695,16,1.3649132301370828,delta_from_last_frame,0,nan,1.8788747491289843,train,1,GRA29_C20_25deg_particle3,smoke_image_only_delta,
intensity,4,1.016359806060791,true,1.6668708324432373,1.3455456559307255,rollout,simvp,0.017879750579595566,0.031270476799916735,0.013288103975355625,0.017693547118410268,16,1.3455456559307255,delta_from_last_frame,0,nan,1.7673379221614398,train,1,GRA29_C20_25deg_particle4,smoke_image_only_delta,
intensity,4,,false,,0.8001985880108317,next_frame,unet,0.008183907717466354,0.02069062117417186,0.010227345861494541,0.0214251853006726,2989,0.800160246147994,delta_from_last_frame,11,0.8097967012908767,0.9657149230593735,test,1,GRA29_C20_45deg_particle1,image_only_delta,1
intensity,4,,false,,0.8206441432666784,next_frame,unet,0.008831762708723545,0.031990867329584505,0.0107619883492589,0.028179025914321157,2989,0.8206947336926899,delta_from_last_frame,11,0.8082056823461226,1.1352722917695353,test,1,GRA29_C20_45deg_particle2,image_only_delta,1
intensity,4,,false,,0.811594939930283,next_frame,unet,0.010478359647095203,0.04302769378557824,0.01291082426905632,0.037369581270677875,2989,0.8116074250548165,delta_from_last_frame,11,0.808360393653692,1.151409577589782,test,1,GRA29_C20_45deg_particle3,image_only_delta,1
intensity,4,,false,,0.8426071405330489,next_frame,unet,0.012457011267542839,0.044896520321624556,0.01478388998657465,0.04022971706140014,2989,0.8424321074937902,delta_from_last_frame,11,0.8870731952962504,1.116003879746451,test,1,GRA29_C20_45deg_particle4,image_only_delta,1
intensity,4,,false,,0.7726474299965882,next_frame,unet,0.007713076192885637,0.010930572864254607,0.009982659481465816,0.014005393854705325,2989,0.7726428516397442,delta_from_last_frame,11,0.7735824125731177,0.7804545147141516,train,1,GRA29_C20_25deg_particle1,image_only_delta,1
intensity,4,,false,,0.7690971219587888,next_frame,unet,0.008396628312766552,0.011941310091898095,0.010917513631284237,0.01588178461046949,2989,0.7690147106386469,delta_from_last_frame,11,0.7881269109524867,0.7518871704144772,train,1,GRA29_C20_25deg_particle2,image_only_delta,1
intensity,4,,false,,0.7810475010054175,next_frame,unet,0.009539184160530567,0.014125804916562651,0.012213321402668953,0.01765184870072381,2989,0.781063388842403,delta_from_last_frame,11,0.7775651266539443,0.800245070987008,train,1,GRA29_C20_25deg_particle3,image_only_delta,1
intensity,4,,false,,0.7873622452358005,next_frame,unet,0.010464965365827084,0.015083732174657149,0.01329116988927126,0.018904409607165787,2989,0.7873443541160352,delta_from_last_frame,11,0.7914712077904577,0.7978949085476652,train,1,GRA29_C20_25deg_particle4,image_only_delta,1
intensity,4,0.7526890635490417,false,87145316352.0,1116634448.7930818,rollout,unet,393224544.0,4653314001.617896,0.3521515429019928,0.7988000319188149,5672,1121893671.9447627,delta_from_last_frame,11,59144.45284141271,5825380340.108487,test,1,GRA29_C20_45deg_particle1,image_only_delta,
intensity,4,0.762387752532959,false,5.993427753448486,2.6498956941375322,rollout,unet,1.0550978183746338,1.4999155179710673,0.3981657922267914,0.8105121651077161,5672,2.6531074833615858,delta_from_last_frame,11,1.9476850664828296,1.8505774281274734,test,1,GRA29_C20_45deg_particle2,image_only_delta,
intensity,4,0.751187801361084,false,198267666432.0,8212135015.949694,rollout,unet,3034230528.0,35824832893.32226,0.36948132514953613,0.7946133401449436,5672,8248217772.542222,delta_from_last_frame,11,168.93421729376504,45084610443.096176,test,1,GRA29_C20_45deg_particle3,image_only_delta,
intensity,4,0.7649434804916382,false,2.0125017166137695,3.099211775794769,rollout,unet,0.912019670009613,1.3050416933904552,0.2942747175693512,0.7258944978429002,5672,3.103477419097999,delta_from_last_frame,11,2.1983616238346997,1.7978393516806839,test,1,GRA29_C20_45deg_particle4,image_only_delta,
intensity,4,0.7427682280540466,false,1038932180992.0,3001557367.156918,rollout,unet,1055924608.0,16915426791.570616,0.35179224610328674,0.8120804216839295,5318,3016697563.370103,delta_from_last_frame,11,34949.892047917376,20829743384.89136,train,1,GRA29_C20_25deg_particle1,image_only_delta,
intensity,4,0.7491417527198792,false,50.7830924987793,3.1593616604280825,rollout,unet,0.9814954996109009,1.3882765495637182,0.3106625974178314,0.7920822675585077,5318,3.1644673886906896,delta_from_last_frame,11,2.1570695676208453,1.7526923735370354,train,1,GRA29_C20_25deg_particle2,image_only_delta,
intensity,4,0.7530784606933594,false,131089252352.0,448293166.1473897,rollout,unet,147106576.0,1857979105.1223736,0.32814815640449524,0.7953347673277972,5318,450542396.71959805,delta_from_last_frame,11,965.255039713685,2336096926.0339246,train,1,GRA29_C20_25deg_particle3,image_only_delta,
intensity,4,0.7536450624465942,false,110.17930603027344,3.0482660141259297,rollout,unet,0.9191728234291077,1.316803009281451,0.3015395700931549,0.7407127585909675,5318,3.05346002386972,delta_from_last_frame,11,2.033992988659822,1.777751218686121,train,1,GRA29_C20_25deg_particle4,image_only_delta,
intensity,4,,false,,1.2687127630405566,next_frame,unet,0.01297556422650814,0.026225302113538587,0.010227345861494541,0.0214251853006726,2989,1.267628465407209,direct_next_frame,11,1.5402110566636296,1.224040854046443,test,1,GRA29_C20_45deg_particle1,image_only_direct,1
intensity,4,,false,,1.5249270115598528,next_frame,unet,0.016411246731877327,0.030430740786896077,0.0107619883492589,0.028179025914321157,2989,1.5265258051759256,direct_next_frame,11,1.1328619697540574,1.0799074772641646,test,1,GRA29_C20_45deg_particle2,image_only_direct,1
intensity,4,,false,,0.98242884673703,next_frame,unet,0.01268396619707346,0.03679631435013744,0.01291082426905632,0.037369581270677875,2989,0.9819125732772219,direct_next_frame,11,1.1182956410125817,0.9846595305313135,test,1,GRA29_C20_45deg_particle3,image_only_direct,1
intensity,4,,false,,1.0692232199142742,next_frame,unet,0.01580727845430374,0.04347062434081227,0.01478388998657465,0.04022971706140014,2989,1.067664402007821,direct_next_frame,11,1.4647151717407936,1.080560031641926,test,1,GRA29_C20_45deg_particle4,image_only_direct,1
intensity,4,,false,,1.120848986906089,next_frame,unet,0.011189053766429424,0.01829823238806955,0.009982659481465816,0.014005393854705325,2989,1.1202824931302806,direct_next_frame,11,1.2420516585087396,1.3065132318233221,train,1,GRA29_C20_25deg_particle1,image_only_direct,1
intensity,4,,false,,1.028213899128614,next_frame,unet,0.01122553925961256,0.02180474883939322,0.010917513631284237,0.01588178461046949,2989,1.027362315406397,direct_next_frame,11,1.2252015781256864,1.3729407226074097,train,1,GRA29_C20_25deg_particle2,image_only_direct,1
intensity,4,,false,,1.0184111519683536,next_frame,unet,0.012438182719051838,0.021415029582203697,0.012213321402668953,0.01765184870072381,2989,1.017852008667722,direct_next_frame,11,1.1398884899433046,1.2131890514858978,train,1,GRA29_C20_25deg_particle3,image_only_direct,1
intensity,4,,false,,1.0206449524342063,next_frame,unet,0.013565565459430218,0.022599737311394977,0.01329116988927126,0.018904409607165787,2989,1.0201405318079253,direct_next_frame,11,1.136228630735805,1.1954743777255261,train,1,GRA29_C20_25deg_particle4,image_only_direct,1
intensity,4,1.1521942615509033,false,3.5205700397491455,1.4718780797114481,rollout,unet,0.5183241367340088,1.1000356169916534,0.3521515429019928,0.7988000319188149,5672,1.4729113828659997,direct_next_frame,11,1.252585851861227,1.3771101314921508,test,1,GRA29_C20_45deg_particle1,image_only_direct,
intensity,4,1.966507077217102,false,2.207892894744873,1.5134964398434247,rollout,unet,0.6026225090026855,1.1003130055637385,0.3981657922267914,0.8105121651077161,5672,1.5146620070200885,direct_next_frame,11,1.2586201509274555,1.3575527338537952,test,1,GRA29_C20_45deg_particle2,image_only_direct,
intensity,4,0.8223069310188293,false,1.557692289352417,1.350205553659152,rollout,unet,0.4988757371902466,1.097368195772178,0.36948132514953613,0.7946133401449436,5672,1.3504201637865365,direct_next_frame,11,1.3014180339378159,1.381009027072223,test,1,GRA29_C20_45deg_particle3,image_only_direct,
intensity,4,0.87005615234375,false,0.13574354350566864,1.5900228483846979,rollout,unet,0.4679035246372223,1.0927128915658335,0.2942747175693512,0.7258944978429002,5672,1.5907688320424815,direct_next_frame,11,1.4324321582585098,1.5053329303541862,test,1,GRA29_C20_45deg_particle4,image_only_direct,
intensity,4,0.9501616358757019,false,10.371356010437012,1.4192960651511086,rollout,unet,0.4992973506450653,1.1003136556110635,0.35179224610328674,0.8120804216839295,5318,1.420288735721253,direct_next_frame,11,1.2225286939796651,1.3549318838760498,train,1,GRA29_C20_25deg_particle1,image_only_direct,
intensity,4,0.857108473777771,false,11.43781566619873,1.5097475495982533,rollout,unet,0.46902209520339966,1.0986169703718904,0.3106625974178314,0.7920822675585077,5318,1.5109471246676403,direct_next_frame,11,1.2742297078777736,1.3869985674066871,train,1,GRA29_C20_25deg_particle2,image_only_direct,
intensity,4,0.834301233291626,false,11.140829086303711,1.4535367694972903,rollout,unet,0.4769754111766815,1.0972336468054869,0.32814815640449524,0.7953347673277972,5318,1.4543788150641097,direct_next_frame,11,1.2854746435538775,1.3795871774749942,train,1,GRA29_C20_25deg_particle3,image_only_direct,
intensity,4,0.8607131242752075,false,13.263813972473145,1.5842869566274485,rollout,unet,0.47772520780563354,1.0935930956966504,0.3015395700931549,0.7407127585909675,5318,1.5854966320378274,direct_next_frame,11,1.3480489800886266,1.4764064517761988,train,1,GRA29_C20_25deg_particle4,image_only_direct,
"intensity,voltage,current,time_norm",4,,false,,0.8093534151756099,next_frame,unet,0.008277537301182747,0.019800826186277567,0.010227345861494541,0.0214251853006726,2989,0.8093174681873776,delta_from_last_frame,11,0.818371927757659,0.9241845943640898,test,1,GRA29_C20_45deg_particle1,multichannel_delta,1
"intensity,voltage,current,time_norm",4,,false,,0.8218311005480721,next_frame,unet,0.008844536729156971,0.027684310140352372,0.0107619883492589,0.028179025914321157,2989,0.8218406069215037,delta_from_last_frame,11,0.8195028933425194,0.982443829837377,test,1,GRA29_C20_45deg_particle2,multichannel_delta,1
"intensity,voltage,current,time_norm",4,,false,,0.8061848855202796,next_frame,unet,0.010408511385321617,0.03763171764804121,0.01291082426905632,0.037369581270677875,2989,0.8062035038590728,delta_from_last_frame,11,0.8013297056819442,1.0070146993477025,test,1,GRA29_C20_45deg_particle3,multichannel_delta,1
"intensity,voltage,current,time_norm",4,,false,,0.8399547035195297,next_frame,unet,0.012417797930538654,0.040792352795117136,0.01478388998657465,0.04022971706140014,2989,0.8396054427426947,delta_from_last_frame,11,0.9286419220868823,1.0139855752119329,test,1,GRA29_C20_45deg_particle4,multichannel_delta,1
"intensity,voltage,current,time_norm",4,,false,,0.7819436207358679,next_frame,unet,0.007805876899510622,0.011070388172654232,0.009982659481465816,0.014005393854705325,2989,0.7819360351505502,delta_from_last_frame,11,0.7834919930039808,0.7904374762681141,train,1,GRA29_C20_25deg_particle1,multichannel_delta,1
"intensity,voltage,current,time_norm",4,,false,,0.78315229116157,next_frame,unet,0.008550075814127922,0.012122663774271068,0.010917513631284237,0.01588178461046949,2989,0.7830706402073149,delta_from_last_frame,11,0.802029831148231,0.76330614421503,train,1,GRA29_C20_25deg_particle2,multichannel_delta,1
"intensity,voltage,current,time_norm",4,,false,,0.7855032890919093,next_frame,unet,0.009593604132533073,0.01406001679198484,0.012213321402668953,0.01765184870072381,2989,0.7855112024224193,delta_from_last_frame,11,0.7837875990779035,0.7965180888621776,train,1,GRA29_C20_25deg_particle3,multichannel_delta,1
"intensity,voltage,current,time_norm",4,,false,,0.8110805719316796,next_frame,unet,0.010780209675431252,0.0160414075340256,0.01329116988927126,0.018904409607165787,2989,0.8110090495135869,delta_from_last_frame,11,0.8274625336009589,0.8485537431407032,train,1,GRA29_C20_25deg_particle4,multichannel_delta,1
"intensity,voltage,current,time_norm",4,0.7572977542877197,false,23.328716278076172,3.9934588356961114,rollout,unet,1.4063026905059814,2.143938493365932,0.3521515429019928,0.7988000319188149,5672,4.0011100118486125,delta_from_last_frame,11,2.3690158048954215,2.6839489330213606,test,1,GRA29_C20_45deg_particle1,multichannel_delta,
"intensity,voltage,current,time_norm",4,0.7846709489822388,false,12.268948554992676,3.6845131448739608,rollout,unet,1.467047095298767,2.199890142645644,0.3981657922267914,0.8105121651077161,5672,3.6911097989761945,delta_from_last_frame,11,2.242377277656028,2.7141975621714223,test,1,GRA29_C20_45deg_particle2,multichannel_delta,
"intensity,voltage,current,time_norm",4,0.7532543540000916,false,8.47449016571045,3.95799587924763,rollout,unet,1.4624055624008179,2.21417409202394,0.36948132514953613,0.7946133401449436,5672,3.9648095292808803,delta_from_last_frame,11,2.4075997202008677,2.786479889225189,test,1,GRA29_C20_45deg_particle3,multichannel_delta,
"intensity,voltage,current,time_norm",4,0.7481099963188171,false,4.722101211547852,4.500835863406339,rollout,unet,1.3244822025299072,2.0153389661236805,0.2942747175693512,0.7258944978429002,5672,4.50934767366378,delta_from_last_frame,11,2.7036028876051468,2.776352448065869,test,1,GRA29_C20_45deg_particle4,multichannel_delta,
"intensity,voltage,current,time_norm",4,0.7425934076309204,false,77.97772216796875,3.777978478657026,rollout,unet,1.3290635347366333,1.9935642048236801,0.35179224610328674,0.8120804216839295,5318,3.7861296056499825,delta_from_last_frame,11,2.162143041317937,2.454885195594085,train,1,GRA29_C20_25deg_particle1,multichannel_delta,
"intensity,voltage,current,time_norm",4,0.753037691116333,false,102.87580108642578,4.506137168392458,rollout,unet,1.399888277053833,2.083024866791707,0.3106625974178314,0.7920822675585077,5318,4.51665505758882,delta_from_last_frame,11,2.4413224836425917,2.6298087359187634,train,1,GRA29_C20_25deg_particle2,multichannel_delta,
"intensity,voltage,current,time_norm",4,0.7490121722221375,false,94.30193328857422,4.4243856386783005,rollout,unet,1.4518539905548096,2.1840388572855236,0.32814815640449524,0.7953347673277972,5318,4.4344630122207755,delta_from_last_frame,11,2.4156865507577643,2.7460623463294067,train,1,GRA29_C20_25deg_particle3,multichannel_delta,
"intensity,voltage,current,time_norm",4,0.7504339814186096,false,92.19949340820312,4.6966012712605245,rollout,unet,1.4162111282348633,2.1412144427178164,0.3015395700931549,0.7407127585909675,5318,4.70757273260709,delta_from_last_frame,11,2.5541434650241746,2.8907486983091464,train,1,GRA29_C20_25deg_particle4,multichannel_delta,
"intensity,voltage,current,time_norm",4,,false,,1.2842940177091915,next_frame,unet,0.013134919106960297,0.02589249928679603,0.010227345861494541,0.0214251853006726,2989,1.2844683388608478,direct_next_frame,11,1.2405967546226158,1.2085076009113063,test,1,GRA29_C20_45deg_particle1,multichannel_direct,1
"intensity,voltage,current,time_norm",4,,false,,1.2442084991368252,next_frame,unet,0.013390157371759415,0.028856982390773448,0.0107619883492589,0.028179025914321157,2989,1.244457716966196,direct_next_frame,11,1.1830323798280282,1.0240589038994332,test,1,GRA29_C20_45deg_particle2,multichannel_direct,1
"intensity,voltage,current,time_norm",4,,false,,1.0332798524290603,next_frame,unet,0.013340494595468044,0.03636957580210175,0.01291082426905632,0.037369581270677875,2989,1.0329953378599634,direct_next_frame,11,1.108210261536171,0.9732401211206296,test,1,GRA29_C20_45deg_particle3,multichannel_direct,1
"intensity,voltage,current,time_norm",4,,false,,1.006407804017127,next_frame,unet,0.014878622256219387,0.03918762878413158,0.01478388998657465,0.04022971706140014,2989,1.0057629707484717,direct_next_frame,11,1.1700895913080454,0.9740965546519235,test,1,GRA29_C20_45deg_particle4,multichannel_direct,1
"intensity,voltage,current,time_norm",4,,false,,1.133469523964392,next_frame,unet,0.011315040290355682,0.017570287725599487,0.009982659481465816,0.014005393854705325,2989,1.134050040973177,direct_next_frame,11,1.0091058901653223,1.2545372095834693,train,1,GRA29_C20_25deg_particle1,multichannel_direct,1
"intensity,voltage,current,time_norm",4,,false,,1.0074644760701794,next_frame,unet,0.010999007150530815,0.018286321031699318,0.010917513631284237,0.01588178461046949,2989,1.007559627821363,direct_next_frame,11,0.9854322552344572,1.151402155375204,train,1,GRA29_C20_25deg_particle2,multichannel_direct,1
"intensity,voltage,current,time_norm",4,,false,,1.0245575819466806,next_frame,unet,0.012513251043856144,0.01957683979400429,0.012213321402668953,0.01765184870072381,2989,1.0246227601509181,direct_next_frame,11,1.0104067708334923,1.109053228696751,train,1,GRA29_C20_25deg_particle3,multichannel_direct,1
"intensity,voltage,current,time_norm",4,,false,,1.0186821999560656,next_frame,unet,0.013539478182792664,0.020569608176233257,0.01329116988927126,0.018904409607165787,2989,1.0186387304596838,direct_next_frame,11,1.0286255346010085,1.088085193014241,train,1,GRA29_C20_25deg_particle4,multichannel_direct,1
"intensity,voltage,current,time_norm",4,1.2789208889007568,false,3.8325812816619873,1.4708205525528626,rollout,unet,0.5179517269134521,1.0788710404050366,0.3521515429019928,0.7988000319188149,5672,1.4720133595187506,direct_next_frame,11,1.2175629455218882,1.3506146686217038,test,1,GRA29_C20_45deg_particle1,multichannel_direct,
"intensity,voltage,current,time_norm",4,1.560807466506958,false,2.4230945110321045,1.5026297083125908,rollout,unet,0.5982957482337952,1.0780970251904451,0.3981657922267914,0.8105121651077161,5672,1.503824936653802,direct_next_frame,11,1.241393626677312,1.3301429288814774,test,1,GRA29_C20_45deg_particle2,multichannel_direct,
"intensity,voltage,current,time_norm",4,1.0094507932662964,false,1.8516783714294434,1.3345518084914858,rollout,unet,0.49309197068214417,1.0767596348069504,0.36948132514953613,0.7946133401449436,5672,1.3350126085117542,direct_next_frame,11,1.2297860010632025,1.3550736948495492,test,1,GRA29_C20_45deg_particle3,multichannel_direct,
"intensity,voltage,current,time_norm",4,0.9241939187049866,false,0.17758938670158386,1.5482520595801936,rollout,unet,0.4556114375591278,1.0772428912116128,0.2942747175693512,0.7258944978429002,5672,1.549393666606816,direct_next_frame,11,1.3071211107524527,1.4840212929190053,test,1,GRA29_C20_45deg_particle4,multichannel_direct,
"intensity,voltage,current,time_norm",4,1.0995298624038696,false,11.973438262939453,1.389829153023558,rollout,unet,0.4889311194419861,1.0766800305528208,0.35179224610328674,0.8120804216839295,5318,1.3910994252814965,direct_next_frame,11,1.1380538965971414,1.32582931665834,train,1,GRA29_C20_25deg_particle1,multichannel_direct,
"intensity,voltage,current,time_norm",4,1.093985915184021,false,15.801979064941406,1.479762726917519,rollout,unet,0.4597069323062897,1.0783954778645781,0.3106625974178314,0.7920822675585077,5318,1.4814087810814658,direct_next_frame,11,1.1565892913392963,1.3614690317315072,train,1,GRA29_C20_25deg_particle2,multichannel_direct,
"intensity,voltage,current,time_norm",4,0.9808862805366516,false,14.285748481750488,1.4278191688633686,rollout,unet,0.46853622794151306,1.075736399084765,0.32814815640449524,0.7953347673277972,5318,1.4290856015356534,direct_next_frame,11,1.1754133301571297,1.352557996048726,train,1,GRA29_C20_25deg_particle3,multichannel_direct,
"intensity,voltage,current,time_norm",4,1.0659540891647339,false,16.099559783935547,1.5618151986526176,rollout,unet,0.47094908356666565,1.0754310010043149,0.3015395700931549,0.7407127585909675,5318,1.5634475259230531,direct_next_frame,11,1.2429716039121292,1.4518866976857134,train,1,GRA29_C20_25deg_particle4,multichannel_direct,
intensity,4,,true,,1.3519125519484732,next_frame,unet,0.01160883903503418,0.015619232651885532,0.008586974814534187,0.011083030948510568,32,1.3519125519484732,delta_from_last_frame,0,nan,1.4092925233583848,test,1,GRA29_C20_45deg_particle1,smoke_image_only_delta,1
intensity,4,,true,,1.0612370636541462,next_frame,unet,0.008487614803016186,0.011073985347525198,0.007997849956154823,0.010321016469518064,32,1.0612370636541462,delta_from_last_frame,0,nan,1.0729549148798416,test,1,GRA29_C20_45deg_particle2,smoke_image_only_delta,1
intensity,4,,true,,1.0719317745578179,next_frame,unet,0.0116789061576128,0.01505828927309929,0.010895195417106152,0.01405314280709703,32,1.0719317745578179,delta_from_last_frame,0,nan,1.0715246745727687,test,1,GRA29_C20_45deg_particle3,smoke_image_only_delta,1
intensity,4,,true,,0.9772212264573864,next_frame,unet,0.01126733049750328,0.014585108257407888,0.011529969051480293,0.014900572284505424,32,0.9772212264573864,delta_from_last_frame,0,nan,0.9788287307981066,test,1,GRA29_C20_45deg_particle4,smoke_image_only_delta,1
intensity,4,,true,,1.2457594256978295,next_frame,unet,0.01085799653083086,0.014367388156841337,0.008715965785086155,0.011236594695856769,32,1.2457594256978295,delta_from_last_frame,0,nan,1.2786247564966435,train,1,GRA29_C20_25deg_particle1,smoke_image_only_delta,1
intensity,4,,true,,1.0648103665233006,next_frame,unet,0.00941283069550991,0.011964910322112167,0.008839912712574005,0.011416148721548877,32,1.0648103665233006,delta_from_last_frame,0,nan,1.0480688903016355,train,1,GRA29_C20_25deg_particle2,smoke_image_only_delta,1
intensity,4,,true,,1.0694384006112072,next_frame,unet,0.011318196542561054,0.01464335482554134,0.010583308525383472,0.013688024706641171,32,1.0694384006112072,delta_from_last_frame,0,nan,1.069793132272523,train,1,GRA29_C20_25deg_particle3,smoke_image_only_delta,1
intensity,4,,true,,1.00189941979058,next_frame,unet,0.010469046421349049,0.013473276911744525,0.010449199005961418,0.013557983091075941,32,1.00189941979058,delta_from_last_frame,0,nan,0.9937523023326994,train,1,GRA29_C20_25deg_particle4,smoke_image_only_delta,1
intensity,4,1.270463466644287,true,15.888667106628418,6.49516823843307,rollout,unet,0.061497386544942856,0.1318378872197408,0.009468174539506435,0.012182088641701385,16,6.49516823843307,delta_from_last_frame,0,nan,10.822272854626672,test,1,GRA29_C20_45deg_particle1,smoke_image_only_delta,
intensity,4,1.0519541501998901,true,6.018716335296631,3.6449233280143263,rollout,unet,0.02901052124798298,0.05082665760796341,0.007959158159792423,0.010336023433321588,16,3.6449233280143263,delta_from_last_frame,0,nan,4.917428635475698,test,1,GRA29_C20_45deg_particle2,smoke_image_only_delta,
intensity,4,1.040147304534912,true,7.306118488311768,3.4495180981284777,rollout,unet,0.0396958626806736,0.06981262030672244,0.011507654562592506,0.014851044169277511,16,3.4495180981284777,delta_from_last_frame,0,nan,4.70085601463259,test,1,GRA29_C20_45deg_particle3,smoke_image_only_delta,
intensity,4,0.9253458976745605,true,5.105134963989258,2.548231375495301,rollout,unet,0.03282643482089043,0.05892068332573736,0.012882046401500702,0.01656942640658594,16,2.548231375495301,delta_from_last_frame,0,nan,3.555988112075976,test,1,GRA29_C20_45deg_particle4,smoke_image_only_delta,
intensity,4,1.1336420774459839,true,10.797076225280762,4.719780553731095,rollout,unet,0.049323324114084244,0.10270488591369767,0.010450342670083046,0.013485595817385669,16,4.719780553731095,delta_from_last_frame,0,nan,7.615895308184324,train,1,GRA29_C20_25deg_particle1,smoke_image_only_delta,
intensity,4,1.0433752536773682,true,5.360494136810303,2.814822725999077,rollout,unet,0.028497589752078056,0.04371747719675439,0.010124115273356438,0.01327989646732283,16,2.814822725999077,delta_from_last_frame,0,nan,3.2920043694864467,train,1,GRA29_C20_25deg_particle2,smoke_image_only_delta,
intensity,4,1.0346990823745728,true,6.728516578674316,3.244594866047239,rollout,unet,0.040571004152297974,0.08135878726050226,0.012504181824624538,0.016361814236554695,16,3.244594866047239,delta_from_last_frame,0,nan,4.972479584735462,train,1,GRA29_C20_25deg_particle3,smoke_image_only_delta,
intensity,4,0.9828923940658569,true,3.9101297855377197,2.3060147282101973,rollout,unet,0.030642563477158546,0.04500314627433594,0.013288103975355625,0.017693547118410268,16,2.3060147282101973,delta_from_last_frame,0,nan,2.54347791164553,train,1,GRA29_C20_25deg_particle4,smoke_image_only_delta,
